{"data":[{"ObjectIdentifier": "S-1-5-21-3332504370-1206983947-1165150453-1001", "AllowedToAct": [], "PrimaryGroupSID": "S-1-5-21-3332504370-1206983947-1165150453-516", "LocalAdmins": {"Collected": true, "FailureReason": null, "Results": [{"ObjectIdentifier": "S-1-5-21-3332504370-1206983947-1165150453-500", "ObjectType": "User"}, {"ObjectIdentifier": "S-1-5-21-3332504370-1206983947-1165150453-519", "ObjectType": "Group"}, {"ObjectIdentifier": "S-1-5-21-3332504370-1206983947-1165150453-512", "ObjectType": "Group"}]}, "PSRemoteUsers": {"Collected": true, "FailureReason": null, "Results": []}, "Properties": {"name": "CASC-DC1.CASCADE.LOCAL", "domainsid": "S-1-5-21-3332504370-1206983947-1165150453", "domain": "CASCADE.LOCAL", "distinguishedname": "CN=CASC-DC1,OU=DOMAIN CONTROLLERS,DC=CASCADE,DC=LOCAL", "unconstraineddelegation": true, "enabled": true, "trustedtoauth": false, "samaccountname": "CASC-DC1$", "haslaps": false, "lastlogon": 1668820568, "lastlogontimestamp": 1668813908, "pwdlastset": 1668813900, "whencreated": 1578583935, "serviceprincipalnames": ["TERMSRV/CASC-DC1", "TERMSRV/CASC-DC1.cascade.local", "ldap/CASC-DC1.cascade.local/ForestDnsZones.cascade.local", "ldap/CASC-DC1.cascade.local/DomainDnsZones.cascade.local", "Dfsr-12F9A27C-BF97-4787-9364-D31B6C55EB04/CASC-DC1.cascade.local", "DNS/CASC-DC1.cascade.local", "GC/CASC-DC1.cascade.local/cascade.local", "RestrictedKrbHost/CASC-DC1.cascade.local", "RestrictedKrbHost/CASC-DC1", "HOST/CASC-DC1/CASCADE", "HOST/CASC-DC1.cascade.local/CASCADE", "HOST/CASC-DC1", "HOST/CASC-DC1.cascade.local", "HOST/CASC-DC1.cascade.local/cascade.local", "E3514235-4B06-11D1-AB04-00C04FC2DCD2/8bfc9a6c-6edc-45bd-9e27-251f9de2d5f7/cascade.local", "ldap/CASC-DC1/CASCADE", "ldap/8bfc9a6c-6edc-45bd-9e27-251f9de2d5f7._msdcs.cascade.local", "ldap/CASC-DC1.cascade.local/CASCADE", "ldap/CASC-DC1", "ldap/CASC-DC1.cascade.local", "ldap/CASC-DC1.cascade.local/cascade.local"], "description": null, "operatingsystem": "Windows Server 2008 R2 Standard Service Pack 1", "sidhistory": []}, "RemoteDesktopUsers": {"Collected": true, "FailureReason": null, "Results": []}, "DcomUsers": {"Collected": true, "FailureReason": null, "Results": []}, "AllowedToDelegate": [], "Sessions": {"Collected": true, "FailureReason": null, "Results": []}, "PrivilegedSessions": {"Collected": false, "FailureReason": null, "Results": []}, "RegistrySessions": {"Collected": false, "FailureReason": null, "Results": []}, "Aces": [{"RightName": "Owns", "IsInherited": false, "PrincipalSID": "S-1-5-21-3332504370-1206983947-1165150453-512", "PrincipalType": "Group"}, {"RightName": "GenericAll", "IsInherited": false, "PrincipalSID": "S-1-5-21-3332504370-1206983947-1165150453-512", "PrincipalType": "Group"}, {"RightName": "GenericAll", "IsInherited": true, "PrincipalSID": "S-1-5-21-3332504370-1206983947-1165150453-519", "PrincipalType": "Group"}, {"RightName": "GenericWrite", "IsInherited": true, "PrincipalSID": "CASCADE.LOCAL-S-1-5-32-544", "PrincipalType": "Group"}, {"RightName": "WriteOwner", "IsInherited": true, "PrincipalSID": "CASCADE.LOCAL-S-1-5-32-544", "PrincipalType": "Group"}, {"RightName": "WriteDacl", "IsInherited": true, "PrincipalSID": "CASCADE.LOCAL-S-1-5-32-544", "PrincipalType": "Group"}], "HasSIDHistory": [], "IsDeleted": false, "Status": null, "IsACLProtected": false}],"meta":{"methods":0,"type":"computers","count":1, "version":5}}