{"data":[{"ObjectIdentifier": "S-1-5-21-4210132550-3389855604-3437519686-1143", "Properties": {"domain": "INTELLIGENCE.HTB", "domainsid": "S-1-5-21-4210132550-3389855604-3437519686", "highvalue": false, "name": "SYSADMIN@INTELLIGENCE.HTB", "distinguishedname": "CN=SERVER ADMIN,CN=USERS,DC=INTELLIGENCE,DC=HTB", "admincount": false, "description": null, "whencreated": 1618793388}, "Members": [{"ObjectIdentifier": "S-1-5-21-4210132550-3389855604-3437519686-1138", "ObjectType": "User"}], "Aces": [{"RightName": "Owns", "IsInherited": false, "PrincipalSID": "S-1-5-21-4210132550-3389855604-3437519686-512", "PrincipalType": "Group"}, {"RightName": "GenericAll", "IsInherited": false, "PrincipalSID": "S-1-5-21-4210132550-3389855604-3437519686-512", "PrincipalType": "Group"}, {"RightName": "GenericAll", "IsInherited": false, "PrincipalSID": "INTELLIGENCE.HTB-S-1-5-32-548", "PrincipalType": "Group"}, {"RightName": "GenericAll", "IsInherited": true, "PrincipalSID": "S-1-5-21-4210132550-3389855604-3437519686-519", "PrincipalType": "Group"}, {"RightName": "GenericWrite", "IsInherited": true, "PrincipalSID": "INTELLIGENCE.HTB-S-1-5-32-544", "PrincipalType": "Group"}, {"RightName": "WriteOwner", "IsInherited": true, "PrincipalSID": "INTELLIGENCE.HTB-S-1-5-32-544", "PrincipalType": "Group"}, {"RightName": "WriteDacl", "IsInherited": true, "PrincipalSID": "INTELLIGENCE.HTB-S-1-5-32-544", "PrincipalType": "Group"}], "IsDeleted": false, "IsACLProtected": false},{"ObjectIdentifier": "S-1-5-21-4210132550-3389855604-3437519686-1142", "Properties": {"domain": "INTELLIGENCE.HTB", "domainsid": "S-1-5-21-4210132550-3389855604-3437519686", "highvalue": false, "name": "ITSUPPORT@INTELLIGENCE.HTB", "distinguishedname": "CN=IT SUPPORT,CN=USERS,DC=INTELLIGENCE,DC=HTB", "admincount": false, "description": null, "whencreated": 1618793388}, "Members": [{"ObjectIdentifier": "S-1-5-21-4210132550-3389855604-3437519686-1140", "ObjectType": "User"}, {"ObjectIdentifier": "S-1-5-21-4210132550-3389855604-3437519686-1139", "ObjectType": "User"}], "Aces": [{"RightName": "Owns", "IsInherited": false, "PrincipalSID": "S-1-5-21-4210132550-3389855604-3437519686-512", "PrincipalType": "Group"}, {"RightName": "GenericAll", "IsInherited": false, "PrincipalSID": "S-1-5-21-4210132550-3389855604-3437519686-512", "PrincipalType": "Group"}, {"RightName": "GenericAll", "IsInherited": false, "PrincipalSID": "INTELLIGENCE.HTB-S-1-5-32-548", "PrincipalType": "Group"}, {"RightName": "GenericAll", "IsInherited": true, "PrincipalSID": "S-1-5-21-4210132550-3389855604-3437519686-519", "PrincipalType": "Group"}, {"RightName": "GenericWrite", "IsInherited": true, "PrincipalSID": "INTELLIGENCE.HTB-S-1-5-32-544", "PrincipalType": "Group"}, {"RightName": "WriteOwner", "IsInherited": true, "PrincipalSID": "INTELLIGENCE.HTB-S-1-5-32-544", "PrincipalType": "Group"}, {"RightName": "WriteDacl", "IsInherited": true, "PrincipalSID": "INTELLIGENCE.HTB-S-1-5-32-544", "PrincipalType": "Group"}], "IsDeleted": false, "IsACLProtected": false},{"ObjectIdentifier": "S-1-5-21-4210132550-3389855604-3437519686-1141", "Properties": {"domain": "INTELLIGENCE.HTB", "domainsid": "S-1-5-21-4210132550-3389855604-3437519686", "highvalue": false, "name": "DBA@INTELLIGENCE.HTB", "distinguishedname": "CN=DBA,CN=USERS,DC=INTELLIGENCE,DC=HTB", "admincount": false, "description": null, "whencreated": 1618793388}, "Members": [{"ObjectIdentifier": "S-1-5-21-4210132550-3389855604-3437519686-1137", "ObjectType": "User"}], "Aces": [{"RightName": "Owns", "IsInherited": false, "PrincipalSID": "S-1-5-21-4210132550-3389855604-3437519686-512", "PrincipalType": "Group"}, {"RightName": "GenericAll", "IsInherited": false, "PrincipalSID": "S-1-5-21-4210132550-3389855604-3437519686-512", "PrincipalType": "Group"}, {"RightName": "GenericAll", "IsInherited": false, "PrincipalSID": "INTELLIGENCE.HTB-S-1-5-32-548", "PrincipalType": "Group"}, {"RightName": "GenericAll", "IsInherited": true, "PrincipalSID": "S-1-5-21-4210132550-3389855604-3437519686-519", "PrincipalType": "Group"}, {"RightName": "GenericWrite", "IsInherited": true, "PrincipalSID": "INTELLIGENCE.HTB-S-1-5-32-544", "PrincipalType": "Group"}, {"RightName": "WriteOwner", "IsInherited": true, "PrincipalSID": "INTELLIGENCE.HTB-S-1-5-32-544", "PrincipalType": "Group"}, {"RightName": "WriteDacl", "IsInherited": true, "PrincipalSID": "INTELLIGENCE.HTB-S-1-5-32-544", "PrincipalType": "Group"}], "IsDeleted": false, "IsACLProtected": false},{"ObjectIdentifier": "S-1-5-21-4210132550-3389855604-3437519686-1102", "Properties": {"domain": "INTELLIGENCE.HTB", "domainsid": "S-1-5-21-4210132550-3389855604-3437519686", "highvalue": false, "name": "DNSUPDATEPROXY@INTELLIGENCE.HTB", "distinguishedname": "CN=DNSUPDATEPROXY,CN=USERS,DC=INTELLIGENCE,DC=HTB", "admincount": false, "description": "DNS clients who are permitted to perform dynamic updates on behalf of some other clients (such as DHCP servers).", "whencreated": 1618793002}, "Members": [], "Aces": [{"RightName": "GenericAll", "IsInherited": false, "PrincipalSID": "S-1-5-21-4210132550-3389855604-3437519686-512", "PrincipalType": "Group"}, {"RightName": "GenericAll", "IsInherited": false, "PrincipalSID": "INTELLIGENCE.HTB-S-1-5-32-548", "PrincipalType": "Group"}, {"RightName": "GenericAll", "IsInherited": true, "PrincipalSID": "S-1-5-21-4210132550-3389855604-3437519686-519", "PrincipalType": "Group"}, {"RightName": "GenericWrite", "IsInherited": true, "PrincipalSID": "INTELLIGENCE.HTB-S-1-5-32-544", "PrincipalType": "Group"}, {"RightName": "WriteOwner", "IsInherited": true, "PrincipalSID": "INTELLIGENCE.HTB-S-1-5-32-544", "PrincipalType": "Group"}, {"RightName": "WriteDacl", "IsInherited": true, "PrincipalSID": "INTELLIGENCE.HTB-S-1-5-32-544", "PrincipalType": "Group"}], "IsDeleted": false, "IsACLProtected": false},{"ObjectIdentifier": "S-1-5-21-4210132550-3389855604-3437519686-1101", "Properties": {"domain": "INTELLIGENCE.HTB", "domainsid": "S-1-5-21-4210132550-3389855604-3437519686", "highvalue": false, "name": "DNSADMINS@INTELLIGENCE.HTB", "distinguishedname": "CN=DNSADMINS,CN=USERS,DC=INTELLIGENCE,DC=HTB", "admincount": false, "description": "DNS Administrators Group", "whencreated": 1618793002}, "Members": [], "Aces": [{"RightName": "GenericAll", "IsInherited": false, "PrincipalSID": "S-1-5-21-4210132550-3389855604-3437519686-512", "PrincipalType": "Group"}, {"RightName": "GenericAll", "IsInherited": false, "PrincipalSID": "INTELLIGENCE.HTB-S-1-5-32-548", "PrincipalType": "Group"}, {"RightName": "GenericAll", "IsInherited": true, "PrincipalSID": "S-1-5-21-4210132550-3389855604-3437519686-519", "PrincipalType": "Group"}, {"RightName": "GenericWrite", "IsInherited": true, "PrincipalSID": "INTELLIGENCE.HTB-S-1-5-32-544", "PrincipalType": "Group"}, {"RightName": "WriteOwner", "IsInherited": true, "PrincipalSID": "INTELLIGENCE.HTB-S-1-5-32-544", "PrincipalType": "Group"}, {"RightName": "WriteDacl", "IsInherited": true, "PrincipalSID": "INTELLIGENCE.HTB-S-1-5-32-544", "PrincipalType": "Group"}], "IsDeleted": false, "IsACLProtected": false},{"ObjectIdentifier": "S-1-5-21-4210132550-3389855604-3437519686-527", "Properties": {"domain": "INTELLIGENCE.HTB", "domainsid": "S-1-5-21-4210132550-3389855604-3437519686", "highvalue": false, "name": "ENTERPRISE KEY ADMINS@INTELLIGENCE.HTB", "distinguishedname": "CN=ENTERPRISE KEY ADMINS,CN=USERS,DC=INTELLIGENCE,DC=HTB", "admincount": true, "description": "Members of this group can perform administrative actions on key objects within the forest.", "whencreated": 1618792962}, "Members": [], "Aces": [{"RightName": "Owns", "IsInherited": false, "PrincipalSID": "S-1-5-21-4210132550-3389855604-3437519686-512", "PrincipalType": "Group"}, {"RightName": "GenericWrite", "IsInherited": false, "PrincipalSID": "S-1-5-21-4210132550-3389855604-3437519686-512", "PrincipalType": "Group"}, {"RightName": "WriteOwner", "IsInherited": false, "PrincipalSID": "S-1-5-21-4210132550-3389855604-3437519686-512", "PrincipalType": "Group"}, {"RightName": "WriteDacl", "IsInherited": false, "PrincipalSID": "S-1-5-21-4210132550-3389855604-3437519686-512", "PrincipalType": "Group"}, {"RightName": "GenericWrite", "IsInherited": false, "PrincipalSID": "S-1-5-21-4210132550-3389855604-3437519686-519", "PrincipalType": "Group"}, {"RightName": "WriteOwner", "IsInherited": false, "PrincipalSID": "S-1-5-21-4210132550-3389855604-3437519686-519", "PrincipalType": "Group"}, {"RightName": "WriteDacl", "IsInherited": false, "PrincipalSID": "S-1-5-21-4210132550-3389855604-3437519686-519", "PrincipalType": "Group"}, {"RightName": "GenericWrite", "IsInherited": false, "PrincipalSID": "INTELLIGENCE.HTB-S-1-5-32-544", "PrincipalType": "Group"}, {"RightName": "WriteOwner", "IsInherited": false, "PrincipalSID": "INTELLIGENCE.HTB-S-1-5-32-544", "PrincipalType": "Group"}, {"RightName": "WriteDacl", "IsInherited": false, "PrincipalSID": "INTELLIGENCE.HTB-S-1-5-32-544", "PrincipalType": "Group"}], "IsDeleted": false, "IsACLProtected": true},{"ObjectIdentifier": "S-1-5-21-4210132550-3389855604-3437519686-525", "Properties": {"domain": "INTELLIGENCE.HTB", "domainsid": "S-1-5-21-4210132550-3389855604-3437519686", "highvalue": false, "name": "PROTECTED USERS@INTELLIGENCE.HTB", "distinguishedname": "CN=PROTECTED USERS,CN=USERS,DC=INTELLIGENCE,DC=HTB", "admincount": false, "description": "Members of this group are afforded additional protections against authentication security threats. See http://go.microsoft.com/fwlink/?LinkId=298939 for more information.", "whencreated": 1618792962}, "Members": [], "Aces": [{"RightName": "Owns", "IsInherited": false, "PrincipalSID": "S-1-5-21-4210132550-3389855604-3437519686-512", "PrincipalType": "Group"}, {"RightName": "GenericAll", "IsInherited": false, "PrincipalSID": "S-1-5-21-4210132550-3389855604-3437519686-512", "PrincipalType": "Group"}, {"RightName": "GenericAll", "IsInherited": false, "PrincipalSID": "INTELLIGENCE.HTB-S-1-5-32-548", "PrincipalType": "Group"}, {"RightName": "GenericAll", "IsInherited": true, "PrincipalSID": "S-1-5-21-4210132550-3389855604-3437519686-519", "PrincipalType": "Group"}, {"RightName": "GenericWrite", "IsInherited": true, "PrincipalSID": "INTELLIGENCE.HTB-S-1-5-32-544", "PrincipalType": "Group"}, {"RightName": "WriteOwner", "IsInherited": true, "PrincipalSID": "INTELLIGENCE.HTB-S-1-5-32-544", "PrincipalType": "Group"}, {"RightName": "WriteDacl", "IsInherited": true, "PrincipalSID": "INTELLIGENCE.HTB-S-1-5-32-544", "PrincipalType": "Group"}], "IsDeleted": false, "IsACLProtected": false},{"ObjectIdentifier": "S-1-5-21-4210132550-3389855604-3437519686-526", "Properties": {"domain": "INTELLIGENCE.HTB", "domainsid": "S-1-5-21-4210132550-3389855604-3437519686", "highvalue": false, "name": "KEY ADMINS@INTELLIGENCE.HTB", "distinguishedname": "CN=KEY ADMINS,CN=USERS,DC=INTELLIGENCE,DC=HTB", "admincount": true, "description": "Members of this group can perform administrative actions on key objects within the domain.", "whencreated": 1618792962}, "Members": [], "Aces": [{"RightName": "Owns", "IsInherited": false, "PrincipalSID": "S-1-5-21-4210132550-3389855604-3437519686-512", "PrincipalType": "Group"}, {"RightName": "GenericWrite", "IsInherited": false, "PrincipalSID": "S-1-5-21-4210132550-3389855604-3437519686-512", "PrincipalType": "Group"}, {"RightName": "WriteOwner", "IsInherited": false, "PrincipalSID": "S-1-5-21-4210132550-3389855604-3437519686-512", "PrincipalType": "Group"}, {"RightName": "WriteDacl", "IsInherited": false, "PrincipalSID": "S-1-5-21-4210132550-3389855604-3437519686-512", "PrincipalType": "Group"}, {"RightName": "GenericWrite", "IsInherited": false, "PrincipalSID": "S-1-5-21-4210132550-3389855604-3437519686-519", "PrincipalType": "Group"}, {"RightName": "WriteOwner", "IsInherited": false, "PrincipalSID": "S-1-5-21-4210132550-3389855604-3437519686-519", "PrincipalType": "Group"}, {"RightName": "WriteDacl", "IsInherited": false, "PrincipalSID": "S-1-5-21-4210132550-3389855604-3437519686-519", "PrincipalType": "Group"}, {"RightName": "GenericWrite", "IsInherited": false, "PrincipalSID": "INTELLIGENCE.HTB-S-1-5-32-544", "PrincipalType": "Group"}, {"RightName": "WriteOwner", "IsInherited": false, "PrincipalSID": "INTELLIGENCE.HTB-S-1-5-32-544", "PrincipalType": "Group"}, {"RightName": "WriteDacl", "IsInherited": false, "PrincipalSID": "INTELLIGENCE.HTB-S-1-5-32-544", "PrincipalType": "Group"}], "IsDeleted": false, "IsACLProtected": true},{"ObjectIdentifier": "S-1-5-21-4210132550-3389855604-3437519686-522", "Properties": {"domain": "INTELLIGENCE.HTB", "domainsid": "S-1-5-21-4210132550-3389855604-3437519686", "highvalue": false, "name": "CLONEABLE DOMAIN CONTROLLERS@INTELLIGENCE.HTB", "distinguishedname": "CN=CLONEABLE DOMAIN CONTROLLERS,CN=USERS,DC=INTELLIGENCE,DC=HTB", "admincount": false, "description": "Members of this group that are domain controllers may be cloned.", "whencreated": 1618792962}, "Members": [], "Aces": [{"RightName": "Owns", "IsInherited": false, "PrincipalSID": "S-1-5-21-4210132550-3389855604-3437519686-512", "PrincipalType": "Group"}, {"RightName": "GenericAll", "IsInherited": false, "PrincipalSID": "S-1-5-21-4210132550-3389855604-3437519686-512", "PrincipalType": "Group"}, {"RightName": "GenericAll", "IsInherited": false, "PrincipalSID": "INTELLIGENCE.HTB-S-1-5-32-548", "PrincipalType": "Group"}, {"RightName": "GenericAll", "IsInherited": true, "PrincipalSID": "S-1-5-21-4210132550-3389855604-3437519686-519", "PrincipalType": "Group"}, {"RightName": "GenericWrite", "IsInherited": true, "PrincipalSID": "INTELLIGENCE.HTB-S-1-5-32-544", "PrincipalType": "Group"}, {"RightName": "WriteOwner", "IsInherited": true, "PrincipalSID": "INTELLIGENCE.HTB-S-1-5-32-544", "PrincipalType": "Group"}, {"RightName": "WriteDacl", "IsInherited": true, "PrincipalSID": "INTELLIGENCE.HTB-S-1-5-32-544", "PrincipalType": "Group"}], "IsDeleted": false, "IsACLProtected": false},{"ObjectIdentifier": "S-1-5-21-4210132550-3389855604-3437519686-498", "Properties": {"domain": "INTELLIGENCE.HTB", "domainsid": "S-1-5-21-4210132550-3389855604-3437519686", "highvalue": false, "name": "ENTERPRISE READ-ONLY DOMAIN CONTROLLERS@INTELLIGENCE.HTB", "distinguishedname": "CN=ENTERPRISE READ-ONLY DOMAIN CONTROLLERS,CN=USERS,DC=INTELLIGENCE,DC=HTB", "admincount": false, "description": "Members of this group are Read-Only Domain Controllers in the enterprise", "whencreated": 1618792962}, "Members": [], "Aces": [{"RightName": "Owns", "IsInherited": false, "PrincipalSID": "S-1-5-21-4210132550-3389855604-3437519686-512", "PrincipalType": "Group"}, {"RightName": "GenericAll", "IsInherited": false, "PrincipalSID": "S-1-5-21-4210132550-3389855604-3437519686-512", "PrincipalType": "Group"}, {"RightName": "GenericAll", "IsInherited": false, "PrincipalSID": "INTELLIGENCE.HTB-S-1-5-32-548", "PrincipalType": "Group"}, {"RightName": "GenericAll", "IsInherited": true, "PrincipalSID": "S-1-5-21-4210132550-3389855604-3437519686-519", "PrincipalType": "Group"}, {"RightName": "GenericWrite", "IsInherited": true, "PrincipalSID": "INTELLIGENCE.HTB-S-1-5-32-544", "PrincipalType": "Group"}, {"RightName": "WriteOwner", "IsInherited": true, "PrincipalSID": "INTELLIGENCE.HTB-S-1-5-32-544", "PrincipalType": "Group"}, {"RightName": "WriteDacl", "IsInherited": true, "PrincipalSID": "INTELLIGENCE.HTB-S-1-5-32-544", "PrincipalType": "Group"}], "IsDeleted": false, "IsACLProtected": false},{"ObjectIdentifier": "S-1-5-21-4210132550-3389855604-3437519686-521", "Properties": {"domain": "INTELLIGENCE.HTB", "domainsid": "S-1-5-21-4210132550-3389855604-3437519686", "highvalue": false, "name": "READ-ONLY DOMAIN CONTROLLERS@INTELLIGENCE.HTB", "distinguishedname": "CN=READ-ONLY DOMAIN CONTROLLERS,CN=USERS,DC=INTELLIGENCE,DC=HTB", "admincount": true, "description": "Members of this group are Read-Only Domain Controllers in the domain", "whencreated": 1618792962}, "Members": [], "Aces": [{"RightName": "Owns", "IsInherited": false, "PrincipalSID": "S-1-5-21-4210132550-3389855604-3437519686-512", "PrincipalType": "Group"}, {"RightName": "GenericWrite", "IsInherited": false, "PrincipalSID": "S-1-5-21-4210132550-3389855604-3437519686-512", "PrincipalType": "Group"}, {"RightName": "WriteOwner", "IsInherited": false, "PrincipalSID": "S-1-5-21-4210132550-3389855604-3437519686-512", "PrincipalType": "Group"}, {"RightName": "WriteDacl", "IsInherited": false, "PrincipalSID": "S-1-5-21-4210132550-3389855604-3437519686-512", "PrincipalType": "Group"}, {"RightName": "GenericWrite", "IsInherited": false, "PrincipalSID": "S-1-5-21-4210132550-3389855604-3437519686-519", "PrincipalType": "Group"}, {"RightName": "WriteOwner", "IsInherited": false, "PrincipalSID": "S-1-5-21-4210132550-3389855604-3437519686-519", "PrincipalType": "Group"}, {"RightName": "WriteDacl", "IsInherited": false, "PrincipalSID": "S-1-5-21-4210132550-3389855604-3437519686-519", "PrincipalType": "Group"}, {"RightName": "GenericWrite", "IsInherited": false, "PrincipalSID": "INTELLIGENCE.HTB-S-1-5-32-544", "PrincipalType": "Group"}, {"RightName": "WriteOwner", "IsInherited": false, "PrincipalSID": "INTELLIGENCE.HTB-S-1-5-32-544", "PrincipalType": "Group"}, {"RightName": "WriteDacl", "IsInherited": false, "PrincipalSID": "INTELLIGENCE.HTB-S-1-5-32-544", "PrincipalType": "Group"}], "IsDeleted": false, "IsACLProtected": true},{"ObjectIdentifier": "S-1-5-21-4210132550-3389855604-3437519686-572", "Properties": {"domain": "INTELLIGENCE.HTB", "domainsid": "S-1-5-21-4210132550-3389855604-3437519686", "highvalue": false, "name": "DENIED RODC PASSWORD REPLICATION GROUP@INTELLIGENCE.HTB", "distinguishedname": "CN=DENIED RODC PASSWORD REPLICATION GROUP,CN=USERS,DC=INTELLIGENCE,DC=HTB", "admincount": false, "description": "Members in this group cannot have their passwords replicated to any read-only domain controllers in the domain", "whencreated": 1618792962}, "Members": [{"ObjectIdentifier": "S-1-5-21-4210132550-3389855604-3437519686-521", "ObjectType": "Group"}, {"ObjectIdentifier": "S-1-5-21-4210132550-3389855604-3437519686-520", "ObjectType": "Group"}, {"ObjectIdentifier": "S-1-5-21-4210132550-3389855604-3437519686-512", "ObjectType": "Group"}, {"ObjectIdentifier": "S-1-5-21-4210132550-3389855604-3437519686-517", "ObjectType": "Group"}, {"ObjectIdentifier": "S-1-5-21-4210132550-3389855604-3437519686-519", "ObjectType": "Group"}, {"ObjectIdentifier": "S-1-5-21-4210132550-3389855604-3437519686-518", "ObjectType": "Group"}, {"ObjectIdentifier": "S-1-5-21-4210132550-3389855604-3437519686-516", "ObjectType": "Group"}, {"ObjectIdentifier": "S-1-5-21-4210132550-3389855604-3437519686-502", "ObjectType": "User"}], "Aces": [{"RightName": "Owns", "IsInherited": false, "PrincipalSID": "S-1-5-21-4210132550-3389855604-3437519686-512", "PrincipalType": "Group"}, {"RightName": "GenericAll", "IsInherited": false, "PrincipalSID": "S-1-5-21-4210132550-3389855604-3437519686-512", "PrincipalType": "Group"}, {"RightName": "GenericAll", "IsInherited": false, "PrincipalSID": "INTELLIGENCE.HTB-S-1-5-32-548", "PrincipalType": "Group"}, {"RightName": "GenericAll", "IsInherited": true, "PrincipalSID": "S-1-5-21-4210132550-3389855604-3437519686-519", "PrincipalType": "Group"}, {"RightName": "GenericWrite", "IsInherited": true, "PrincipalSID": "INTELLIGENCE.HTB-S-1-5-32-544", "PrincipalType": "Group"}, {"RightName": "WriteOwner", "IsInherited": true, "PrincipalSID": "INTELLIGENCE.HTB-S-1-5-32-544", "PrincipalType": "Group"}, {"RightName": "WriteDacl", "IsInherited": true, "PrincipalSID": "INTELLIGENCE.HTB-S-1-5-32-544", "PrincipalType": "Group"}], "IsDeleted": false, "IsACLProtected": false},{"ObjectIdentifier": "S-1-5-21-4210132550-3389855604-3437519686-571", "Properties": {"domain": "INTELLIGENCE.HTB", "domainsid": "S-1-5-21-4210132550-3389855604-3437519686", "highvalue": false, "name": "ALLOWED RODC PASSWORD REPLICATION GROUP@INTELLIGENCE.HTB", "distinguishedname": "CN=ALLOWED RODC PASSWORD REPLICATION GROUP,CN=USERS,DC=INTELLIGENCE,DC=HTB", "admincount": false, "description": "Members in this group can have their passwords replicated to all read-only domain controllers in the domain", "whencreated": 1618792962}, "Members": [], "Aces": [{"RightName": "Owns", "IsInherited": false, "PrincipalSID": "S-1-5-21-4210132550-3389855604-3437519686-512", "PrincipalType": "Group"}, {"RightName": "GenericAll", "IsInherited": false, "PrincipalSID": "S-1-5-21-4210132550-3389855604-3437519686-512", "PrincipalType": "Group"}, {"RightName": "GenericAll", "IsInherited": false, "PrincipalSID": "INTELLIGENCE.HTB-S-1-5-32-548", "PrincipalType": "Group"}, {"RightName": "GenericAll", "IsInherited": true, "PrincipalSID": "S-1-5-21-4210132550-3389855604-3437519686-519", "PrincipalType": "Group"}, {"RightName": "GenericWrite", "IsInherited": true, "PrincipalSID": "INTELLIGENCE.HTB-S-1-5-32-544", "PrincipalType": "Group"}, {"RightName": "WriteOwner", "IsInherited": true, "PrincipalSID": "INTELLIGENCE.HTB-S-1-5-32-544", "PrincipalType": "Group"}, {"RightName": "WriteDacl", "IsInherited": true, "PrincipalSID": "INTELLIGENCE.HTB-S-1-5-32-544", "PrincipalType": "Group"}], "IsDeleted": false, "IsACLProtected": false},{"ObjectIdentifier": "INTELLIGENCE.HTB-S-1-5-32-561", "Properties": {"domain": "INTELLIGENCE.HTB", "domainsid": "S-1-5-21-4210132550-3389855604-3437519686", "highvalue": false, "name": "TERMINAL SERVER LICENSE SERVERS@INTELLIGENCE.HTB", "distinguishedname": "CN=TERMINAL SERVER LICENSE SERVERS,CN=BUILTIN,DC=INTELLIGENCE,DC=HTB", "admincount": false, "description": "Members of this group can update user accounts in Active Directory with information about license issuance, for the purpose of tracking and reporting TS Per User CAL usage", "whencreated": 1618792962}, "Members": [], "Aces": [{"RightName": "Owns", "IsInherited": false, "PrincipalSID": "S-1-5-21-4210132550-3389855604-3437519686-512", "PrincipalType": "Group"}, {"RightName": "GenericAll", "IsInherited": false, "PrincipalSID": "S-1-5-21-4210132550-3389855604-3437519686-512", "PrincipalType": "Group"}, {"RightName": "GenericAll", "IsInherited": false, "PrincipalSID": "INTELLIGENCE.HTB-S-1-5-32-548", "PrincipalType": "Group"}, {"RightName": "GenericAll", "IsInherited": true, "PrincipalSID": "S-1-5-21-4210132550-3389855604-3437519686-519", "PrincipalType": "Group"}, {"RightName": "GenericWrite", "IsInherited": true, "PrincipalSID": "INTELLIGENCE.HTB-S-1-5-32-544", "PrincipalType": "Group"}, {"RightName": "WriteOwner", "IsInherited": true, "PrincipalSID": "INTELLIGENCE.HTB-S-1-5-32-544", "PrincipalType": "Group"}, {"RightName": "WriteDacl", "IsInherited": true, "PrincipalSID": "INTELLIGENCE.HTB-S-1-5-32-544", "PrincipalType": "Group"}], "IsDeleted": false, "IsACLProtected": false},{"ObjectIdentifier": "INTELLIGENCE.HTB-S-1-5-32-560", "Properties": {"domain": "INTELLIGENCE.HTB", "domainsid": "S-1-5-21-4210132550-3389855604-3437519686", "highvalue": false, "name": "WINDOWS AUTHORIZATION ACCESS GROUP@INTELLIGENCE.HTB", "distinguishedname": "CN=WINDOWS AUTHORIZATION ACCESS GROUP,CN=BUILTIN,DC=INTELLIGENCE,DC=HTB", "admincount": false, "description": "Members of this group have access to the computed tokenGroupsGlobalAndUniversal attribute on User objects", "whencreated": 1618792962}, "Members": [{"ObjectIdentifier": "INTELLIGENCE.HTB-S-1-5-9", "ObjectType": "Group"}], "Aces": [{"RightName": "Owns", "IsInherited": false, "PrincipalSID": "S-1-5-21-4210132550-3389855604-3437519686-512", "PrincipalType": "Group"}, {"RightName": "GenericAll", "IsInherited": false, "PrincipalSID": "S-1-5-21-4210132550-3389855604-3437519686-512", "PrincipalType": "Group"}, {"RightName": "GenericAll", "IsInherited": false, "PrincipalSID": "INTELLIGENCE.HTB-S-1-5-32-548", "PrincipalType": "Group"}, {"RightName": "GenericAll", "IsInherited": true, "PrincipalSID": "S-1-5-21-4210132550-3389855604-3437519686-519", "PrincipalType": "Group"}, {"RightName": "GenericWrite", "IsInherited": true, "PrincipalSID": "INTELLIGENCE.HTB-S-1-5-32-544", "PrincipalType": "Group"}, {"RightName": "WriteOwner", "IsInherited": true, "PrincipalSID": "INTELLIGENCE.HTB-S-1-5-32-544", "PrincipalType": "Group"}, {"RightName": "WriteDacl", "IsInherited": true, "PrincipalSID": "INTELLIGENCE.HTB-S-1-5-32-544", "PrincipalType": "Group"}], "IsDeleted": false, "IsACLProtected": false},{"ObjectIdentifier": "INTELLIGENCE.HTB-S-1-5-32-557", "Properties": {"domain": "INTELLIGENCE.HTB", "domainsid": "S-1-5-21-4210132550-3389855604-3437519686", "highvalue": false, "name": "INCOMING FOREST TRUST BUILDERS@INTELLIGENCE.HTB", "distinguishedname": "CN=INCOMING FOREST TRUST BUILDERS,CN=BUILTIN,DC=INTELLIGENCE,DC=HTB", "admincount": false, "description": "Members of this group can create incoming, one-way trusts to this forest", "whencreated": 1618792962}, "Members": [], "Aces": [{"RightName": "Owns", "IsInherited": false, "PrincipalSID": "S-1-5-21-4210132550-3389855604-3437519686-512", "PrincipalType": "Group"}, {"RightName": "GenericAll", "IsInherited": false, "PrincipalSID": "S-1-5-21-4210132550-3389855604-3437519686-512", "PrincipalType": "Group"}, {"RightName": "GenericAll", "IsInherited": false, "PrincipalSID": "INTELLIGENCE.HTB-S-1-5-32-548", "PrincipalType": "Group"}, {"RightName": "GenericAll", "IsInherited": true, "PrincipalSID": "S-1-5-21-4210132550-3389855604-3437519686-519", "PrincipalType": "Group"}, {"RightName": "GenericWrite", "IsInherited": true, "PrincipalSID": "INTELLIGENCE.HTB-S-1-5-32-544", "PrincipalType": "Group"}, {"RightName": "WriteOwner", "IsInherited": true, "PrincipalSID": "INTELLIGENCE.HTB-S-1-5-32-544", "PrincipalType": "Group"}, {"RightName": "WriteDacl", "IsInherited": true, "PrincipalSID": "INTELLIGENCE.HTB-S-1-5-32-544", "PrincipalType": "Group"}], "IsDeleted": false, "IsACLProtected": false},{"ObjectIdentifier": "INTELLIGENCE.HTB-S-1-5-32-554", "Properties": {"domain": "INTELLIGENCE.HTB", "domainsid": "S-1-5-21-4210132550-3389855604-3437519686", "highvalue": false, "name": "PRE-WINDOWS 2000 COMPATIBLE ACCESS@INTELLIGENCE.HTB", "distinguishedname": "CN=PRE-WINDOWS 2000 COMPATIBLE ACCESS,CN=BUILTIN,DC=INTELLIGENCE,DC=HTB", "admincount": false, "description": "A backward compatibility group which allows read access on all users and groups in the domain", "whencreated": 1618792962}, "Members": [{"ObjectIdentifier": "S-1-5-21-4210132550-3389855604-3437519686-1000", "ObjectType": "Computer"}, {"ObjectIdentifier": "INTELLIGENCE.HTB-S-1-5-11", "ObjectType": "Group"}], "Aces": [{"RightName": "Owns", "IsInherited": false, "PrincipalSID": "S-1-5-21-4210132550-3389855604-3437519686-512", "PrincipalType": "Group"}, {"RightName": "GenericAll", "IsInherited": false, "PrincipalSID": "S-1-5-21-4210132550-3389855604-3437519686-512", "PrincipalType": "Group"}, {"RightName": "GenericAll", "IsInherited": false, "PrincipalSID": "INTELLIGENCE.HTB-S-1-5-32-548", "PrincipalType": "Group"}, {"RightName": "GenericAll", "IsInherited": true, "PrincipalSID": "S-1-5-21-4210132550-3389855604-3437519686-519", "PrincipalType": "Group"}, {"RightName": "GenericWrite", "IsInherited": true, "PrincipalSID": "INTELLIGENCE.HTB-S-1-5-32-544", "PrincipalType": "Group"}, {"RightName": "WriteOwner", "IsInherited": true, "PrincipalSID": "INTELLIGENCE.HTB-S-1-5-32-544", "PrincipalType": "Group"}, {"RightName": "WriteDacl", "IsInherited": true, "PrincipalSID": "INTELLIGENCE.HTB-S-1-5-32-544", "PrincipalType": "Group"}], "IsDeleted": false, "IsACLProtected": false},{"ObjectIdentifier": "INTELLIGENCE.HTB-S-1-5-32-548", "Properties": {"domain": "INTELLIGENCE.HTB", "domainsid": "S-1-5-21-4210132550-3389855604-3437519686", "highvalue": true, "name": "ACCOUNT OPERATORS@INTELLIGENCE.HTB", "distinguishedname": "CN=ACCOUNT OPERATORS,CN=BUILTIN,DC=INTELLIGENCE,DC=HTB", "admincount": true, "description": "Members can administer domain user and group accounts", "whencreated": 1618792962}, "Members": [], "Aces": [{"RightName": "Owns", "IsInherited": false, "PrincipalSID": "S-1-5-21-4210132550-3389855604-3437519686-512", "PrincipalType": "Group"}, {"RightName": "GenericWrite", "IsInherited": false, "PrincipalSID": "S-1-5-21-4210132550-3389855604-3437519686-512", "PrincipalType": "Group"}, {"RightName": "WriteOwner", "IsInherited": false, "PrincipalSID": "S-1-5-21-4210132550-3389855604-3437519686-512", "PrincipalType": "Group"}, {"RightName": "WriteDacl", "IsInherited": false, "PrincipalSID": "S-1-5-21-4210132550-3389855604-3437519686-512", "PrincipalType": "Group"}, {"RightName": "GenericWrite", "IsInherited": false, "PrincipalSID": "S-1-5-21-4210132550-3389855604-3437519686-519", "PrincipalType": "Group"}, {"RightName": "WriteOwner", "IsInherited": false, "PrincipalSID": "S-1-5-21-4210132550-3389855604-3437519686-519", "PrincipalType": "Group"}, {"RightName": "WriteDacl", "IsInherited": false, "PrincipalSID": "S-1-5-21-4210132550-3389855604-3437519686-519", "PrincipalType": "Group"}, {"RightName": "GenericWrite", "IsInherited": false, "PrincipalSID": "INTELLIGENCE.HTB-S-1-5-32-544", "PrincipalType": "Group"}, {"RightName": "WriteOwner", "IsInherited": false, "PrincipalSID": "INTELLIGENCE.HTB-S-1-5-32-544", "PrincipalType": "Group"}, {"RightName": "WriteDacl", "IsInherited": false, "PrincipalSID": "INTELLIGENCE.HTB-S-1-5-32-544", "PrincipalType": "Group"}], "IsDeleted": false, "IsACLProtected": true},{"ObjectIdentifier": "INTELLIGENCE.HTB-S-1-5-32-549", "Properties": {"domain": "INTELLIGENCE.HTB", "domainsid": "S-1-5-21-4210132550-3389855604-3437519686", "highvalue": true, "name": "SERVER OPERATORS@INTELLIGENCE.HTB", "distinguishedname": "CN=SERVER OPERATORS,CN=BUILTIN,DC=INTELLIGENCE,DC=HTB", "admincount": true, "description": "Members can administer domain servers", "whencreated": 1618792962}, "Members": [], "Aces": [{"RightName": "Owns", "IsInherited": false, "PrincipalSID": "S-1-5-21-4210132550-3389855604-3437519686-512", "PrincipalType": "Group"}, {"RightName": "GenericWrite", "IsInherited": false, "PrincipalSID": "S-1-5-21-4210132550-3389855604-3437519686-512", "PrincipalType": "Group"}, {"RightName": "WriteOwner", "IsInherited": false, "PrincipalSID": "S-1-5-21-4210132550-3389855604-3437519686-512", "PrincipalType": "Group"}, {"RightName": "WriteDacl", "IsInherited": false, "PrincipalSID": "S-1-5-21-4210132550-3389855604-3437519686-512", "PrincipalType": "Group"}, {"RightName": "GenericWrite", "IsInherited": false, "PrincipalSID": "S-1-5-21-4210132550-3389855604-3437519686-519", "PrincipalType": "Group"}, {"RightName": "WriteOwner", "IsInherited": false, "PrincipalSID": "S-1-5-21-4210132550-3389855604-3437519686-519", "PrincipalType": "Group"}, {"RightName": "WriteDacl", "IsInherited": false, "PrincipalSID": "S-1-5-21-4210132550-3389855604-3437519686-519", "PrincipalType": "Group"}, {"RightName": "GenericWrite", "IsInherited": false, "PrincipalSID": "INTELLIGENCE.HTB-S-1-5-32-544", "PrincipalType": "Group"}, {"RightName": "WriteOwner", "IsInherited": false, "PrincipalSID": "INTELLIGENCE.HTB-S-1-5-32-544", "PrincipalType": "Group"}, {"RightName": "WriteDacl", "IsInherited": false, "PrincipalSID": "INTELLIGENCE.HTB-S-1-5-32-544", "PrincipalType": "Group"}], "IsDeleted": false, "IsACLProtected": true},{"ObjectIdentifier": "S-1-5-21-4210132550-3389855604-3437519686-553", "Properties": {"domain": "INTELLIGENCE.HTB", "domainsid": "S-1-5-21-4210132550-3389855604-3437519686", "highvalue": false, "name": "RAS AND IAS SERVERS@INTELLIGENCE.HTB", "distinguishedname": "CN=RAS AND IAS SERVERS,CN=USERS,DC=INTELLIGENCE,DC=HTB", "admincount": false, "description": "Servers in this group can access remote access properties of users", "whencreated": 1618792962}, "Members": [], "Aces": [{"RightName": "Owns", "IsInherited": false, "PrincipalSID": "S-1-5-21-4210132550-3389855604-3437519686-512", "PrincipalType": "Group"}, {"RightName": "GenericAll", "IsInherited": false, "PrincipalSID": "S-1-5-21-4210132550-3389855604-3437519686-512", "PrincipalType": "Group"}, {"RightName": "GenericAll", "IsInherited": false, "PrincipalSID": "INTELLIGENCE.HTB-S-1-5-32-548", "PrincipalType": "Group"}, {"RightName": "GenericAll", "IsInherited": true, "PrincipalSID": "S-1-5-21-4210132550-3389855604-3437519686-519", "PrincipalType": "Group"}, {"RightName": "GenericWrite", "IsInherited": true, "PrincipalSID": "INTELLIGENCE.HTB-S-1-5-32-544", "PrincipalType": "Group"}, {"RightName": "WriteOwner", "IsInherited": true, "PrincipalSID": "INTELLIGENCE.HTB-S-1-5-32-544", "PrincipalType": "Group"}, {"RightName": "WriteDacl", "IsInherited": true, "PrincipalSID": "INTELLIGENCE.HTB-S-1-5-32-544", "PrincipalType": "Group"}], "IsDeleted": false, "IsACLProtected": false},{"ObjectIdentifier": "S-1-5-21-4210132550-3389855604-3437519686-520", "Properties": {"domain": "INTELLIGENCE.HTB", "domainsid": "S-1-5-21-4210132550-3389855604-3437519686", "highvalue": true, "name": "GROUP POLICY CREATOR OWNERS@INTELLIGENCE.HTB", "distinguishedname": "CN=GROUP POLICY CREATOR OWNERS,CN=USERS,DC=INTELLIGENCE,DC=HTB", "admincount": false, "description": "Members in this group can modify group policy for the domain", "whencreated": 1618792962}, "Members": [{"ObjectIdentifier": "S-1-5-21-4210132550-3389855604-3437519686-500", "ObjectType": "User"}], "Aces": [{"RightName": "Owns", "IsInherited": false, "PrincipalSID": "S-1-5-21-4210132550-3389855604-3437519686-512", "PrincipalType": "Group"}, {"RightName": "GenericAll", "IsInherited": false, "PrincipalSID": "S-1-5-21-4210132550-3389855604-3437519686-512", "PrincipalType": "Group"}, {"RightName": "GenericAll", "IsInherited": false, "PrincipalSID": "INTELLIGENCE.HTB-S-1-5-32-548", "PrincipalType": "Group"}, {"RightName": "GenericAll", "IsInherited": true, "PrincipalSID": "S-1-5-21-4210132550-3389855604-3437519686-519", "PrincipalType": "Group"}, {"RightName": "GenericWrite", "IsInherited": true, "PrincipalSID": "INTELLIGENCE.HTB-S-1-5-32-544", "PrincipalType": "Group"}, {"RightName": "WriteOwner", "IsInherited": true, "PrincipalSID": "INTELLIGENCE.HTB-S-1-5-32-544", "PrincipalType": "Group"}, {"RightName": "WriteDacl", "IsInherited": true, "PrincipalSID": "INTELLIGENCE.HTB-S-1-5-32-544", "PrincipalType": "Group"}], "IsDeleted": false, "IsACLProtected": false},{"ObjectIdentifier": "S-1-5-21-4210132550-3389855604-3437519686-514", "Properties": {"domain": "INTELLIGENCE.HTB", "domainsid": "S-1-5-21-4210132550-3389855604-3437519686", "highvalue": false, "name": "DOMAIN GUESTS@INTELLIGENCE.HTB", "distinguishedname": "CN=DOMAIN GUESTS,CN=USERS,DC=INTELLIGENCE,DC=HTB", "admincount": false, "description": "All domain guests", "whencreated": 1618792962}, "Members": [], "Aces": [{"RightName": "Owns", "IsInherited": false, "PrincipalSID": "S-1-5-21-4210132550-3389855604-3437519686-512", "PrincipalType": "Group"}, {"RightName": "GenericAll", "IsInherited": false, "PrincipalSID": "S-1-5-21-4210132550-3389855604-3437519686-512", "PrincipalType": "Group"}, {"RightName": "GenericAll", "IsInherited": false, "PrincipalSID": "INTELLIGENCE.HTB-S-1-5-32-548", "PrincipalType": "Group"}, {"RightName": "GenericAll", "IsInherited": true, "PrincipalSID": "S-1-5-21-4210132550-3389855604-3437519686-519", "PrincipalType": "Group"}, {"RightName": "GenericWrite", "IsInherited": true, "PrincipalSID": "INTELLIGENCE.HTB-S-1-5-32-544", "PrincipalType": "Group"}, {"RightName": "WriteOwner", "IsInherited": true, "PrincipalSID": "INTELLIGENCE.HTB-S-1-5-32-544", "PrincipalType": "Group"}, {"RightName": "WriteDacl", "IsInherited": true, "PrincipalSID": "INTELLIGENCE.HTB-S-1-5-32-544", "PrincipalType": "Group"}], "IsDeleted": false, "IsACLProtected": false},{"ObjectIdentifier": "S-1-5-21-4210132550-3389855604-3437519686-513", "Properties": {"domain": "INTELLIGENCE.HTB", "domainsid": "S-1-5-21-4210132550-3389855604-3437519686", "highvalue": false, "name": "DOMAIN USERS@INTELLIGENCE.HTB", "distinguishedname": "CN=DOMAIN USERS,CN=USERS,DC=INTELLIGENCE,DC=HTB", "admincount": false, "description": "All domain users", "whencreated": 1618792962}, "Members": [], "Aces": [{"RightName": "Owns", "IsInherited": false, "PrincipalSID": "S-1-5-21-4210132550-3389855604-3437519686-512", "PrincipalType": "Group"}, {"RightName": "GenericAll", "IsInherited": false, "PrincipalSID": "S-1-5-21-4210132550-3389855604-3437519686-512", "PrincipalType": "Group"}, {"RightName": "GenericAll", "IsInherited": false, "PrincipalSID": "INTELLIGENCE.HTB-S-1-5-32-548", "PrincipalType": "Group"}, {"RightName": "GenericAll", "IsInherited": true, "PrincipalSID": "S-1-5-21-4210132550-3389855604-3437519686-519", "PrincipalType": "Group"}, {"RightName": "GenericWrite", "IsInherited": true, "PrincipalSID": "INTELLIGENCE.HTB-S-1-5-32-544", "PrincipalType": "Group"}, {"RightName": "WriteOwner", "IsInherited": true, "PrincipalSID": "INTELLIGENCE.HTB-S-1-5-32-544", "PrincipalType": "Group"}, {"RightName": "WriteDacl", "IsInherited": true, "PrincipalSID": "INTELLIGENCE.HTB-S-1-5-32-544", "PrincipalType": "Group"}], "IsDeleted": false, "IsACLProtected": false},{"ObjectIdentifier": "S-1-5-21-4210132550-3389855604-3437519686-512", "Properties": {"domain": "INTELLIGENCE.HTB", "domainsid": "S-1-5-21-4210132550-3389855604-3437519686", "highvalue": true, "name": "DOMAIN ADMINS@INTELLIGENCE.HTB", "distinguishedname": "CN=DOMAIN ADMINS,CN=USERS,DC=INTELLIGENCE,DC=HTB", "admincount": true, "description": "Designated administrators of the domain", "whencreated": 1618792962}, "Members": [{"ObjectIdentifier": "S-1-5-21-4210132550-3389855604-3437519686-500", "ObjectType": "User"}], "Aces": [{"RightName": "Owns", "IsInherited": false, "PrincipalSID": "S-1-5-21-4210132550-3389855604-3437519686-512", "PrincipalType": "Group"}, {"RightName": "GenericWrite", "IsInherited": false, "PrincipalSID": "S-1-5-21-4210132550-3389855604-3437519686-512", "PrincipalType": "Group"}, {"RightName": "WriteOwner", "IsInherited": false, "PrincipalSID": "S-1-5-21-4210132550-3389855604-3437519686-512", "PrincipalType": "Group"}, {"RightName": "WriteDacl", "IsInherited": false, "PrincipalSID": "S-1-5-21-4210132550-3389855604-3437519686-512", "PrincipalType": "Group"}, {"RightName": "GenericWrite", "IsInherited": false, "PrincipalSID": "S-1-5-21-4210132550-3389855604-3437519686-519", "PrincipalType": "Group"}, {"RightName": "WriteOwner", "IsInherited": false, "PrincipalSID": "S-1-5-21-4210132550-3389855604-3437519686-519", "PrincipalType": "Group"}, {"RightName": "WriteDacl", "IsInherited": false, "PrincipalSID": "S-1-5-21-4210132550-3389855604-3437519686-519", "PrincipalType": "Group"}, {"RightName": "GenericWrite", "IsInherited": false, "PrincipalSID": "INTELLIGENCE.HTB-S-1-5-32-544", "PrincipalType": "Group"}, {"RightName": "WriteOwner", "IsInherited": false, "PrincipalSID": "INTELLIGENCE.HTB-S-1-5-32-544", "PrincipalType": "Group"}, {"RightName": "WriteDacl", "IsInherited": false, "PrincipalSID": "INTELLIGENCE.HTB-S-1-5-32-544", "PrincipalType": "Group"}], "IsDeleted": false, "IsACLProtected": true},{"ObjectIdentifier": "S-1-5-21-4210132550-3389855604-3437519686-519", "Properties": {"domain": "INTELLIGENCE.HTB", "domainsid": "S-1-5-21-4210132550-3389855604-3437519686", "highvalue": true, "name": "ENTERPRISE ADMINS@INTELLIGENCE.HTB", "distinguishedname": "CN=ENTERPRISE ADMINS,CN=USERS,DC=INTELLIGENCE,DC=HTB", "admincount": true, "description": "Designated administrators of the enterprise", "whencreated": 1618792962}, "Members": [{"ObjectIdentifier": "S-1-5-21-4210132550-3389855604-3437519686-500", "ObjectType": "User"}], "Aces": [{"RightName": "Owns", "IsInherited": false, "PrincipalSID": "S-1-5-21-4210132550-3389855604-3437519686-512", "PrincipalType": "Group"}, {"RightName": "GenericWrite", "IsInherited": false, "PrincipalSID": "S-1-5-21-4210132550-3389855604-3437519686-512", "PrincipalType": "Group"}, {"RightName": "WriteOwner", "IsInherited": false, "PrincipalSID": "S-1-5-21-4210132550-3389855604-3437519686-512", "PrincipalType": "Group"}, {"RightName": "WriteDacl", "IsInherited": false, "PrincipalSID": "S-1-5-21-4210132550-3389855604-3437519686-512", "PrincipalType": "Group"}, {"RightName": "GenericWrite", "IsInherited": false, "PrincipalSID": "S-1-5-21-4210132550-3389855604-3437519686-519", "PrincipalType": "Group"}, {"RightName": "WriteOwner", "IsInherited": false, "PrincipalSID": "S-1-5-21-4210132550-3389855604-3437519686-519", "PrincipalType": "Group"}, {"RightName": "WriteDacl", "IsInherited": false, "PrincipalSID": "S-1-5-21-4210132550-3389855604-3437519686-519", "PrincipalType": "Group"}, {"RightName": "GenericWrite", "IsInherited": false, "PrincipalSID": "INTELLIGENCE.HTB-S-1-5-32-544", "PrincipalType": "Group"}, {"RightName": "WriteOwner", "IsInherited": false, "PrincipalSID": "INTELLIGENCE.HTB-S-1-5-32-544", "PrincipalType": "Group"}, {"RightName": "WriteDacl", "IsInherited": false, "PrincipalSID": "INTELLIGENCE.HTB-S-1-5-32-544", "PrincipalType": "Group"}], "IsDeleted": false, "IsACLProtected": true},{"ObjectIdentifier": "S-1-5-21-4210132550-3389855604-3437519686-518", "Properties": {"domain": "INTELLIGENCE.HTB", "domainsid": "S-1-5-21-4210132550-3389855604-3437519686", "highvalue": false, "name": "SCHEMA ADMINS@INTELLIGENCE.HTB", "distinguishedname": "CN=SCHEMA ADMINS,CN=USERS,DC=INTELLIGENCE,DC=HTB", "admincount": true, "description": "Designated administrators of the schema", "whencreated": 1618792962}, "Members": [{"ObjectIdentifier": "S-1-5-21-4210132550-3389855604-3437519686-500", "ObjectType": "User"}], "Aces": [{"RightName": "Owns", "IsInherited": false, "PrincipalSID": "S-1-5-21-4210132550-3389855604-3437519686-512", "PrincipalType": "Group"}, {"RightName": "GenericWrite", "IsInherited": false, "PrincipalSID": "S-1-5-21-4210132550-3389855604-3437519686-512", "PrincipalType": "Group"}, {"RightName": "WriteOwner", "IsInherited": false, "PrincipalSID": "S-1-5-21-4210132550-3389855604-3437519686-512", "PrincipalType": "Group"}, {"RightName": "WriteDacl", "IsInherited": false, "PrincipalSID": "S-1-5-21-4210132550-3389855604-3437519686-512", "PrincipalType": "Group"}, {"RightName": "GenericWrite", "IsInherited": false, "PrincipalSID": "S-1-5-21-4210132550-3389855604-3437519686-519", "PrincipalType": "Group"}, {"RightName": "WriteOwner", "IsInherited": false, "PrincipalSID": "S-1-5-21-4210132550-3389855604-3437519686-519", "PrincipalType": "Group"}, {"RightName": "WriteDacl", "IsInherited": false, "PrincipalSID": "S-1-5-21-4210132550-3389855604-3437519686-519", "PrincipalType": "Group"}, {"RightName": "GenericWrite", "IsInherited": false, "PrincipalSID": "INTELLIGENCE.HTB-S-1-5-32-544", "PrincipalType": "Group"}, {"RightName": "WriteOwner", "IsInherited": false, "PrincipalSID": "INTELLIGENCE.HTB-S-1-5-32-544", "PrincipalType": "Group"}, {"RightName": "WriteDacl", "IsInherited": false, "PrincipalSID": "INTELLIGENCE.HTB-S-1-5-32-544", "PrincipalType": "Group"}], "IsDeleted": false, "IsACLProtected": true},{"ObjectIdentifier": "S-1-5-21-4210132550-3389855604-3437519686-516", "Properties": {"domain": "INTELLIGENCE.HTB", "domainsid": "S-1-5-21-4210132550-3389855604-3437519686", "highvalue": true, "name": "DOMAIN CONTROLLERS@INTELLIGENCE.HTB", "distinguishedname": "CN=DOMAIN CONTROLLERS,CN=USERS,DC=INTELLIGENCE,DC=HTB", "admincount": true, "description": "All domain controllers in the domain", "whencreated": 1618792962}, "Members": [], "Aces": [{"RightName": "Owns", "IsInherited": false, "PrincipalSID": "S-1-5-21-4210132550-3389855604-3437519686-512", "PrincipalType": "Group"}, {"RightName": "GenericWrite", "IsInherited": false, "PrincipalSID": "S-1-5-21-4210132550-3389855604-3437519686-512", "PrincipalType": "Group"}, {"RightName": "WriteOwner", "IsInherited": false, "PrincipalSID": "S-1-5-21-4210132550-3389855604-3437519686-512", "PrincipalType": "Group"}, {"RightName": "WriteDacl", "IsInherited": false, "PrincipalSID": "S-1-5-21-4210132550-3389855604-3437519686-512", "PrincipalType": "Group"}, {"RightName": "GenericWrite", "IsInherited": false, "PrincipalSID": "S-1-5-21-4210132550-3389855604-3437519686-519", "PrincipalType": "Group"}, {"RightName": "WriteOwner", "IsInherited": false, "PrincipalSID": "S-1-5-21-4210132550-3389855604-3437519686-519", "PrincipalType": "Group"}, {"RightName": "WriteDacl", "IsInherited": false, "PrincipalSID": "S-1-5-21-4210132550-3389855604-3437519686-519", "PrincipalType": "Group"}, {"RightName": "GenericWrite", "IsInherited": false, "PrincipalSID": "INTELLIGENCE.HTB-S-1-5-32-544", "PrincipalType": "Group"}, {"RightName": "WriteOwner", "IsInherited": false, "PrincipalSID": "INTELLIGENCE.HTB-S-1-5-32-544", "PrincipalType": "Group"}, {"RightName": "WriteDacl", "IsInherited": false, "PrincipalSID": "INTELLIGENCE.HTB-S-1-5-32-544", "PrincipalType": "Group"}], "IsDeleted": false, "IsACLProtected": true},{"ObjectIdentifier": "S-1-5-21-4210132550-3389855604-3437519686-515", "Properties": {"domain": "INTELLIGENCE.HTB", "domainsid": "S-1-5-21-4210132550-3389855604-3437519686", "highvalue": false, "name": "DOMAIN COMPUTERS@INTELLIGENCE.HTB", "distinguishedname": "CN=DOMAIN COMPUTERS,CN=USERS,DC=INTELLIGENCE,DC=HTB", "admincount": false, "description": "All workstations and servers joined to the domain", "whencreated": 1618792962}, "Members": [], "Aces": [{"RightName": "Owns", "IsInherited": false, "PrincipalSID": "S-1-5-21-4210132550-3389855604-3437519686-512", "PrincipalType": "Group"}, {"RightName": "GenericAll", "IsInherited": false, "PrincipalSID": "S-1-5-21-4210132550-3389855604-3437519686-512", "PrincipalType": "Group"}, {"RightName": "GenericAll", "IsInherited": false, "PrincipalSID": "INTELLIGENCE.HTB-S-1-5-32-548", "PrincipalType": "Group"}, {"RightName": "GenericAll", "IsInherited": true, "PrincipalSID": "S-1-5-21-4210132550-3389855604-3437519686-519", "PrincipalType": "Group"}, {"RightName": "GenericWrite", "IsInherited": true, "PrincipalSID": "INTELLIGENCE.HTB-S-1-5-32-544", "PrincipalType": "Group"}, {"RightName": "WriteOwner", "IsInherited": true, "PrincipalSID": "INTELLIGENCE.HTB-S-1-5-32-544", "PrincipalType": "Group"}, {"RightName": "WriteDacl", "IsInherited": true, "PrincipalSID": "INTELLIGENCE.HTB-S-1-5-32-544", "PrincipalType": "Group"}], "IsDeleted": false, "IsACLProtected": false},{"ObjectIdentifier": "INTELLIGENCE.HTB-S-1-5-32-582", "Properties": {"domain": "INTELLIGENCE.HTB", "domainsid": "S-1-5-21-4210132550-3389855604-3437519686", "highvalue": false, "name": "STORAGE REPLICA ADMINISTRATORS@INTELLIGENCE.HTB", "distinguishedname": "CN=STORAGE REPLICA ADMINISTRATORS,CN=BUILTIN,DC=INTELLIGENCE,DC=HTB", "admincount": false, "description": "Members of this group have complete and unrestricted access to all features of Storage Replica.", "whencreated": 1618792931}, "Members": [], "Aces": [{"RightName": "Owns", "IsInherited": false, "PrincipalSID": "INTELLIGENCE.HTB-S-1-5-32-544", "PrincipalType": "Group"}, {"RightName": "GenericAll", "IsInherited": false, "PrincipalSID": "S-1-5-21-4210132550-3389855604-3437519686-512", "PrincipalType": "Group"}, {"RightName": "GenericAll", "IsInherited": false, "PrincipalSID": "INTELLIGENCE.HTB-S-1-5-32-548", "PrincipalType": "Group"}, {"RightName": "GenericAll", "IsInherited": true, "PrincipalSID": "S-1-5-21-4210132550-3389855604-3437519686-519", "PrincipalType": "Group"}, {"RightName": "GenericWrite", "IsInherited": true, "PrincipalSID": "INTELLIGENCE.HTB-S-1-5-32-544", "PrincipalType": "Group"}, {"RightName": "WriteOwner", "IsInherited": true, "PrincipalSID": "INTELLIGENCE.HTB-S-1-5-32-544", "PrincipalType": "Group"}, {"RightName": "WriteDacl", "IsInherited": true, "PrincipalSID": "INTELLIGENCE.HTB-S-1-5-32-544", "PrincipalType": "Group"}], "IsDeleted": false, "IsACLProtected": false},{"ObjectIdentifier": "S-1-5-21-4210132550-3389855604-3437519686-517", "Properties": {"domain": "INTELLIGENCE.HTB", "domainsid": "S-1-5-21-4210132550-3389855604-3437519686", "highvalue": false, "name": "CERT PUBLISHERS@INTELLIGENCE.HTB", "distinguishedname": "CN=CERT PUBLISHERS,CN=USERS,DC=INTELLIGENCE,DC=HTB", "admincount": false, "description": "Members of this group are permitted to publish certificates to the directory", "whencreated": 1618792962}, "Members": [{"ObjectIdentifier": "S-1-5-21-4210132550-3389855604-3437519686-1000", "ObjectType": "Computer"}], "Aces": [{"RightName": "Owns", "IsInherited": false, "PrincipalSID": "S-1-5-21-4210132550-3389855604-3437519686-512", "PrincipalType": "Group"}, {"RightName": "GenericAll", "IsInherited": false, "PrincipalSID": "S-1-5-21-4210132550-3389855604-3437519686-512", "PrincipalType": "Group"}, {"RightName": "GenericAll", "IsInherited": false, "PrincipalSID": "INTELLIGENCE.HTB-S-1-5-32-548", "PrincipalType": "Group"}, {"RightName": "GenericAll", "IsInherited": true, "PrincipalSID": "S-1-5-21-4210132550-3389855604-3437519686-519", "PrincipalType": "Group"}, {"RightName": "GenericWrite", "IsInherited": true, "PrincipalSID": "INTELLIGENCE.HTB-S-1-5-32-544", "PrincipalType": "Group"}, {"RightName": "WriteOwner", "IsInherited": true, "PrincipalSID": "INTELLIGENCE.HTB-S-1-5-32-544", "PrincipalType": "Group"}, {"RightName": "WriteDacl", "IsInherited": true, "PrincipalSID": "INTELLIGENCE.HTB-S-1-5-32-544", "PrincipalType": "Group"}], "IsDeleted": false, "IsACLProtected": false},{"IsDeleted": false, "IsACLProtected": false, "ObjectIdentifier": "INTELLIGENCE.HTB-S-1-5-9", "Properties": {"domain": "INTELLIGENCE.HTB", "name": "ENTERPRISE DOMAIN CONTROLLERS@INTELLIGENCE.HTB"}, "Members": [{"ObjectIdentifier": "S-1-5-21-4210132550-3389855604-3437519686-1000", "ObjectType": "Computer"}], "Aces": []},{"IsDeleted": false, "IsACLProtected": false, "ObjectIdentifier": "INTELLIGENCE.HTB-S-1-1-0", "Properties": {"domain": "INTELLIGENCE.HTB", "domainsid": "S-1-5-21-4210132550-3389855604-3437519686", "name": "EVERYONE@INTELLIGENCE.HTB"}, "Members": [], "Aces": []},{"IsDeleted": false, "IsACLProtected": false, "ObjectIdentifier": "INTELLIGENCE.HTB-S-1-5-11", "Properties": {"domain": "INTELLIGENCE.HTB", "domainsid": "S-1-5-21-4210132550-3389855604-3437519686", "name": "AUTHENTICATED USERS@INTELLIGENCE.HTB"}, "Members": [], "Aces": []},{"IsDeleted": false, "IsACLProtected": false, "ObjectIdentifier": "INTELLIGENCE.HTB-S-1-5-4", "Properties": {"domain": "INTELLIGENCE.HTB", "domainsid": "S-1-5-21-4210132550-3389855604-3437519686", "name": "INTERACTIVE@INTELLIGENCE.HTB"}, "Members": [], "Aces": []},{"ObjectIdentifier": "INTELLIGENCE.HTB-S-1-5-32-579", "Properties": {"domain": "INTELLIGENCE.HTB", "domainsid": "S-1-5-21-4210132550-3389855604-3437519686", "highvalue": false, "name": "ACCESS CONTROL ASSISTANCE OPERATORS@INTELLIGENCE.HTB", "distinguishedname": "CN=ACCESS CONTROL ASSISTANCE OPERATORS,CN=BUILTIN,DC=INTELLIGENCE,DC=HTB", "admincount": false, "description": "Members of this group can remotely query authorization attributes and permissions for resources on this computer.", "whencreated": 1618792931}, "Members": [], "Aces": [{"RightName": "Owns", "IsInherited": false, "PrincipalSID": "INTELLIGENCE.HTB-S-1-5-32-544", "PrincipalType": "Group"}, {"RightName": "GenericAll", "IsInherited": false, "PrincipalSID": "S-1-5-21-4210132550-3389855604-3437519686-512", "PrincipalType": "Group"}, {"RightName": "GenericAll", "IsInherited": false, "PrincipalSID": "INTELLIGENCE.HTB-S-1-5-32-548", "PrincipalType": "Group"}, {"RightName": "GenericAll", "IsInherited": true, "PrincipalSID": "S-1-5-21-4210132550-3389855604-3437519686-519", "PrincipalType": "Group"}, {"RightName": "GenericWrite", "IsInherited": true, "PrincipalSID": "INTELLIGENCE.HTB-S-1-5-32-544", "PrincipalType": "Group"}, {"RightName": "WriteOwner", "IsInherited": true, "PrincipalSID": "INTELLIGENCE.HTB-S-1-5-32-544", "PrincipalType": "Group"}, {"RightName": "WriteDacl", "IsInherited": true, "PrincipalSID": "INTELLIGENCE.HTB-S-1-5-32-544", "PrincipalType": "Group"}], "IsDeleted": false, "IsACLProtected": false},{"ObjectIdentifier": "INTELLIGENCE.HTB-S-1-5-32-578", "Properties": {"domain": "INTELLIGENCE.HTB", "domainsid": "S-1-5-21-4210132550-3389855604-3437519686", "highvalue": false, "name": "HYPER-V ADMINISTRATORS@INTELLIGENCE.HTB", "distinguishedname": "CN=HYPER-V ADMINISTRATORS,CN=BUILTIN,DC=INTELLIGENCE,DC=HTB", "admincount": false, "description": "Members of this group have complete and unrestricted access to all features of Hyper-V.", "whencreated": 1618792931}, "Members": [], "Aces": [{"RightName": "Owns", "IsInherited": false, "PrincipalSID": "INTELLIGENCE.HTB-S-1-5-32-544", "PrincipalType": "Group"}, {"RightName": "GenericAll", "IsInherited": false, "PrincipalSID": "S-1-5-21-4210132550-3389855604-3437519686-512", "PrincipalType": "Group"}, {"RightName": "GenericAll", "IsInherited": false, "PrincipalSID": "INTELLIGENCE.HTB-S-1-5-32-548", "PrincipalType": "Group"}, {"RightName": "GenericAll", "IsInherited": true, "PrincipalSID": "S-1-5-21-4210132550-3389855604-3437519686-519", "PrincipalType": "Group"}, {"RightName": "GenericWrite", "IsInherited": true, "PrincipalSID": "INTELLIGENCE.HTB-S-1-5-32-544", "PrincipalType": "Group"}, {"RightName": "WriteOwner", "IsInherited": true, "PrincipalSID": "INTELLIGENCE.HTB-S-1-5-32-544", "PrincipalType": "Group"}, {"RightName": "WriteDacl", "IsInherited": true, "PrincipalSID": "INTELLIGENCE.HTB-S-1-5-32-544", "PrincipalType": "Group"}], "IsDeleted": false, "IsACLProtected": false},{"ObjectIdentifier": "INTELLIGENCE.HTB-S-1-5-32-577", "Properties": {"domain": "INTELLIGENCE.HTB", "domainsid": "S-1-5-21-4210132550-3389855604-3437519686", "highvalue": false, "name": "RDS MANAGEMENT SERVERS@INTELLIGENCE.HTB", "distinguishedname": "CN=RDS MANAGEMENT SERVERS,CN=BUILTIN,DC=INTELLIGENCE,DC=HTB", "admincount": false, "description": "Servers in this group can perform routine administrative actions on servers running Remote Desktop Services. This group needs to be populated on all servers in a Remote Desktop Services deployment. The servers running the RDS Central Management service must be included in this group.", "whencreated": 1618792931}, "Members": [], "Aces": [{"RightName": "Owns", "IsInherited": false, "PrincipalSID": "INTELLIGENCE.HTB-S-1-5-32-544", "PrincipalType": "Group"}, {"RightName": "GenericAll", "IsInherited": false, "PrincipalSID": "S-1-5-21-4210132550-3389855604-3437519686-512", "PrincipalType": "Group"}, {"RightName": "GenericAll", "IsInherited": false, "PrincipalSID": "INTELLIGENCE.HTB-S-1-5-32-548", "PrincipalType": "Group"}, {"RightName": "GenericAll", "IsInherited": true, "PrincipalSID": "S-1-5-21-4210132550-3389855604-3437519686-519", "PrincipalType": "Group"}, {"RightName": "GenericWrite", "IsInherited": true, "PrincipalSID": "INTELLIGENCE.HTB-S-1-5-32-544", "PrincipalType": "Group"}, {"RightName": "WriteOwner", "IsInherited": true, "PrincipalSID": "INTELLIGENCE.HTB-S-1-5-32-544", "PrincipalType": "Group"}, {"RightName": "WriteDacl", "IsInherited": true, "PrincipalSID": "INTELLIGENCE.HTB-S-1-5-32-544", "PrincipalType": "Group"}], "IsDeleted": false, "IsACLProtected": false},{"ObjectIdentifier": "INTELLIGENCE.HTB-S-1-5-32-576", "Properties": {"domain": "INTELLIGENCE.HTB", "domainsid": "S-1-5-21-4210132550-3389855604-3437519686", "highvalue": false, "name": "RDS ENDPOINT SERVERS@INTELLIGENCE.HTB", "distinguishedname": "CN=RDS ENDPOINT SERVERS,CN=BUILTIN,DC=INTELLIGENCE,DC=HTB", "admincount": false, "description": "Servers in this group run virtual machines and host sessions where users RemoteApp programs and personal virtual desktops run. This group needs to be populated on servers running RD Connection Broker. RD Session Host servers and RD Virtualization Host servers used in the deployment need to be in this group.", "whencreated": 1618792931}, "Members": [], "Aces": [{"RightName": "Owns", "IsInherited": false, "PrincipalSID": "INTELLIGENCE.HTB-S-1-5-32-544", "PrincipalType": "Group"}, {"RightName": "GenericAll", "IsInherited": false, "PrincipalSID": "S-1-5-21-4210132550-3389855604-3437519686-512", "PrincipalType": "Group"}, {"RightName": "GenericAll", "IsInherited": false, "PrincipalSID": "INTELLIGENCE.HTB-S-1-5-32-548", "PrincipalType": "Group"}, {"RightName": "GenericAll", "IsInherited": true, "PrincipalSID": "S-1-5-21-4210132550-3389855604-3437519686-519", "PrincipalType": "Group"}, {"RightName": "GenericWrite", "IsInherited": true, "PrincipalSID": "INTELLIGENCE.HTB-S-1-5-32-544", "PrincipalType": "Group"}, {"RightName": "WriteOwner", "IsInherited": true, "PrincipalSID": "INTELLIGENCE.HTB-S-1-5-32-544", "PrincipalType": "Group"}, {"RightName": "WriteDacl", "IsInherited": true, "PrincipalSID": "INTELLIGENCE.HTB-S-1-5-32-544", "PrincipalType": "Group"}], "IsDeleted": false, "IsACLProtected": false},{"ObjectIdentifier": "INTELLIGENCE.HTB-S-1-5-32-580", "Properties": {"domain": "INTELLIGENCE.HTB", "domainsid": "S-1-5-21-4210132550-3389855604-3437519686", "highvalue": false, "name": "REMOTE MANAGEMENT USERS@INTELLIGENCE.HTB", "distinguishedname": "CN=REMOTE MANAGEMENT USERS,CN=BUILTIN,DC=INTELLIGENCE,DC=HTB", "admincount": false, "description": "Members of this group can access WMI resources over management protocols (such as WS-Management via the Windows Remote Management service). This applies only to WMI namespaces that grant access to the user.", "whencreated": 1618792931}, "Members": [], "Aces": [{"RightName": "Owns", "IsInherited": false, "PrincipalSID": "INTELLIGENCE.HTB-S-1-5-32-544", "PrincipalType": "Group"}, {"RightName": "GenericAll", "IsInherited": false, "PrincipalSID": "S-1-5-21-4210132550-3389855604-3437519686-512", "PrincipalType": "Group"}, {"RightName": "GenericAll", "IsInherited": false, "PrincipalSID": "INTELLIGENCE.HTB-S-1-5-32-548", "PrincipalType": "Group"}, {"RightName": "GenericAll", "IsInherited": true, "PrincipalSID": "S-1-5-21-4210132550-3389855604-3437519686-519", "PrincipalType": "Group"}, {"RightName": "GenericWrite", "IsInherited": true, "PrincipalSID": "INTELLIGENCE.HTB-S-1-5-32-544", "PrincipalType": "Group"}, {"RightName": "WriteOwner", "IsInherited": true, "PrincipalSID": "INTELLIGENCE.HTB-S-1-5-32-544", "PrincipalType": "Group"}, {"RightName": "WriteDacl", "IsInherited": true, "PrincipalSID": "INTELLIGENCE.HTB-S-1-5-32-544", "PrincipalType": "Group"}], "IsDeleted": false, "IsACLProtected": false},{"ObjectIdentifier": "INTELLIGENCE.HTB-S-1-5-32-575", "Properties": {"domain": "INTELLIGENCE.HTB", "domainsid": "S-1-5-21-4210132550-3389855604-3437519686", "highvalue": false, "name": "RDS REMOTE ACCESS SERVERS@INTELLIGENCE.HTB", "distinguishedname": "CN=RDS REMOTE ACCESS SERVERS,CN=BUILTIN,DC=INTELLIGENCE,DC=HTB", "admincount": false, "description": "Servers in this group enable users of RemoteApp programs and personal virtual desktops access to these resources. In Internet-facing deployments, these servers are typically deployed in an edge network. This group needs to be populated on servers running RD Connection Broker. RD Gateway servers and RD Web Access servers used in the deployment need to be in this group.", "whencreated": 1618792931}, "Members": [], "Aces": [{"RightName": "Owns", "IsInherited": false, "PrincipalSID": "INTELLIGENCE.HTB-S-1-5-32-544", "PrincipalType": "Group"}, {"RightName": "GenericAll", "IsInherited": false, "PrincipalSID": "S-1-5-21-4210132550-3389855604-3437519686-512", "PrincipalType": "Group"}, {"RightName": "GenericAll", "IsInherited": false, "PrincipalSID": "INTELLIGENCE.HTB-S-1-5-32-548", "PrincipalType": "Group"}, {"RightName": "GenericAll", "IsInherited": true, "PrincipalSID": "S-1-5-21-4210132550-3389855604-3437519686-519", "PrincipalType": "Group"}, {"RightName": "GenericWrite", "IsInherited": true, "PrincipalSID": "INTELLIGENCE.HTB-S-1-5-32-544", "PrincipalType": "Group"}, {"RightName": "WriteOwner", "IsInherited": true, "PrincipalSID": "INTELLIGENCE.HTB-S-1-5-32-544", "PrincipalType": "Group"}, {"RightName": "WriteDacl", "IsInherited": true, "PrincipalSID": "INTELLIGENCE.HTB-S-1-5-32-544", "PrincipalType": "Group"}], "IsDeleted": false, "IsACLProtected": false},{"ObjectIdentifier": "INTELLIGENCE.HTB-S-1-5-32-574", "Properties": {"domain": "INTELLIGENCE.HTB", "domainsid": "S-1-5-21-4210132550-3389855604-3437519686", "highvalue": false, "name": "CERTIFICATE SERVICE DCOM ACCESS@INTELLIGENCE.HTB", "distinguishedname": "CN=CERTIFICATE SERVICE DCOM ACCESS,CN=BUILTIN,DC=INTELLIGENCE,DC=HTB", "admincount": false, "description": "Members of this group are allowed to connect to Certification Authorities in the enterprise", "whencreated": 1618792931}, "Members": [{"ObjectIdentifier": "INTELLIGENCE.HTB-S-1-5-11", "ObjectType": "Group"}], "Aces": [{"RightName": "Owns", "IsInherited": false, "PrincipalSID": "INTELLIGENCE.HTB-S-1-5-32-544", "PrincipalType": "Group"}, {"RightName": "GenericAll", "IsInherited": false, "PrincipalSID": "S-1-5-21-4210132550-3389855604-3437519686-512", "PrincipalType": "Group"}, {"RightName": "GenericAll", "IsInherited": false, "PrincipalSID": "INTELLIGENCE.HTB-S-1-5-32-548", "PrincipalType": "Group"}, {"RightName": "GenericAll", "IsInherited": true, "PrincipalSID": "S-1-5-21-4210132550-3389855604-3437519686-519", "PrincipalType": "Group"}, {"RightName": "GenericWrite", "IsInherited": true, "PrincipalSID": "INTELLIGENCE.HTB-S-1-5-32-544", "PrincipalType": "Group"}, {"RightName": "WriteOwner", "IsInherited": true, "PrincipalSID": "INTELLIGENCE.HTB-S-1-5-32-544", "PrincipalType": "Group"}, {"RightName": "WriteDacl", "IsInherited": true, "PrincipalSID": "INTELLIGENCE.HTB-S-1-5-32-544", "PrincipalType": "Group"}], "IsDeleted": false, "IsACLProtected": false},{"ObjectIdentifier": "INTELLIGENCE.HTB-S-1-5-32-573", "Properties": {"domain": "INTELLIGENCE.HTB", "domainsid": "S-1-5-21-4210132550-3389855604-3437519686", "highvalue": false, "name": "EVENT LOG READERS@INTELLIGENCE.HTB", "distinguishedname": "CN=EVENT LOG READERS,CN=BUILTIN,DC=INTELLIGENCE,DC=HTB", "admincount": false, "description": "Members of this group can read event logs from local machine", "whencreated": 1618792931}, "Members": [], "Aces": [{"RightName": "Owns", "IsInherited": false, "PrincipalSID": "INTELLIGENCE.HTB-S-1-5-32-544", "PrincipalType": "Group"}, {"RightName": "GenericAll", "IsInherited": false, "PrincipalSID": "S-1-5-21-4210132550-3389855604-3437519686-512", "PrincipalType": "Group"}, {"RightName": "GenericAll", "IsInherited": false, "PrincipalSID": "INTELLIGENCE.HTB-S-1-5-32-548", "PrincipalType": "Group"}, {"RightName": "GenericAll", "IsInherited": true, "PrincipalSID": "S-1-5-21-4210132550-3389855604-3437519686-519", "PrincipalType": "Group"}, {"RightName": "GenericWrite", "IsInherited": true, "PrincipalSID": "INTELLIGENCE.HTB-S-1-5-32-544", "PrincipalType": "Group"}, {"RightName": "WriteOwner", "IsInherited": true, "PrincipalSID": "INTELLIGENCE.HTB-S-1-5-32-544", "PrincipalType": "Group"}, {"RightName": "WriteDacl", "IsInherited": true, "PrincipalSID": "INTELLIGENCE.HTB-S-1-5-32-544", "PrincipalType": "Group"}], "IsDeleted": false, "IsACLProtected": false},{"ObjectIdentifier": "INTELLIGENCE.HTB-S-1-5-32-569", "Properties": {"domain": "INTELLIGENCE.HTB", "domainsid": "S-1-5-21-4210132550-3389855604-3437519686", "highvalue": false, "name": "CRYPTOGRAPHIC OPERATORS@INTELLIGENCE.HTB", "distinguishedname": "CN=CRYPTOGRAPHIC OPERATORS,CN=BUILTIN,DC=INTELLIGENCE,DC=HTB", "admincount": false, "description": "Members are authorized to perform cryptographic operations.", "whencreated": 1618792931}, "Members": [], "Aces": [{"RightName": "Owns", "IsInherited": false, "PrincipalSID": "INTELLIGENCE.HTB-S-1-5-32-544", "PrincipalType": "Group"}, {"RightName": "GenericAll", "IsInherited": false, "PrincipalSID": "S-1-5-21-4210132550-3389855604-3437519686-512", "PrincipalType": "Group"}, {"RightName": "GenericAll", "IsInherited": false, "PrincipalSID": "INTELLIGENCE.HTB-S-1-5-32-548", "PrincipalType": "Group"}, {"RightName": "GenericAll", "IsInherited": true, "PrincipalSID": "S-1-5-21-4210132550-3389855604-3437519686-519", "PrincipalType": "Group"}, {"RightName": "GenericWrite", "IsInherited": true, "PrincipalSID": "INTELLIGENCE.HTB-S-1-5-32-544", "PrincipalType": "Group"}, {"RightName": "WriteOwner", "IsInherited": true, "PrincipalSID": "INTELLIGENCE.HTB-S-1-5-32-544", "PrincipalType": "Group"}, {"RightName": "WriteDacl", "IsInherited": true, "PrincipalSID": "INTELLIGENCE.HTB-S-1-5-32-544", "PrincipalType": "Group"}], "IsDeleted": false, "IsACLProtected": false},{"ObjectIdentifier": "INTELLIGENCE.HTB-S-1-5-32-568", "Properties": {"domain": "INTELLIGENCE.HTB", "domainsid": "S-1-5-21-4210132550-3389855604-3437519686", "highvalue": false, "name": "IIS_IUSRS@INTELLIGENCE.HTB", "distinguishedname": "CN=IIS_IUSRS,CN=BUILTIN,DC=INTELLIGENCE,DC=HTB", "admincount": false, "description": "Built-in group used by Internet Information Services.", "whencreated": 1618792931}, "Members": [], "Aces": [{"RightName": "Owns", "IsInherited": false, "PrincipalSID": "INTELLIGENCE.HTB-S-1-5-32-544", "PrincipalType": "Group"}, {"RightName": "GenericAll", "IsInherited": false, "PrincipalSID": "S-1-5-21-4210132550-3389855604-3437519686-512", "PrincipalType": "Group"}, {"RightName": "GenericAll", "IsInherited": false, "PrincipalSID": "INTELLIGENCE.HTB-S-1-5-32-548", "PrincipalType": "Group"}, {"RightName": "GenericAll", "IsInherited": true, "PrincipalSID": "S-1-5-21-4210132550-3389855604-3437519686-519", "PrincipalType": "Group"}, {"RightName": "GenericWrite", "IsInherited": true, "PrincipalSID": "INTELLIGENCE.HTB-S-1-5-32-544", "PrincipalType": "Group"}, {"RightName": "WriteOwner", "IsInherited": true, "PrincipalSID": "INTELLIGENCE.HTB-S-1-5-32-544", "PrincipalType": "Group"}, {"RightName": "WriteDacl", "IsInherited": true, "PrincipalSID": "INTELLIGENCE.HTB-S-1-5-32-544", "PrincipalType": "Group"}], "IsDeleted": false, "IsACLProtected": false},{"ObjectIdentifier": "INTELLIGENCE.HTB-S-1-5-32-562", "Properties": {"domain": "INTELLIGENCE.HTB", "domainsid": "S-1-5-21-4210132550-3389855604-3437519686", "highvalue": false, "name": "DISTRIBUTED COM USERS@INTELLIGENCE.HTB", "distinguishedname": "CN=DISTRIBUTED COM USERS,CN=BUILTIN,DC=INTELLIGENCE,DC=HTB", "admincount": false, "description": "Members are allowed to launch, activate and use Distributed COM objects on this machine.", "whencreated": 1618792931}, "Members": [], "Aces": [{"RightName": "Owns", "IsInherited": false, "PrincipalSID": "INTELLIGENCE.HTB-S-1-5-32-544", "PrincipalType": "Group"}, {"RightName": "GenericAll", "IsInherited": false, "PrincipalSID": "S-1-5-21-4210132550-3389855604-3437519686-512", "PrincipalType": "Group"}, {"RightName": "GenericAll", "IsInherited": false, "PrincipalSID": "INTELLIGENCE.HTB-S-1-5-32-548", "PrincipalType": "Group"}, {"RightName": "GenericAll", "IsInherited": true, "PrincipalSID": "S-1-5-21-4210132550-3389855604-3437519686-519", "PrincipalType": "Group"}, {"RightName": "GenericWrite", "IsInherited": true, "PrincipalSID": "INTELLIGENCE.HTB-S-1-5-32-544", "PrincipalType": "Group"}, {"RightName": "WriteOwner", "IsInherited": true, "PrincipalSID": "INTELLIGENCE.HTB-S-1-5-32-544", "PrincipalType": "Group"}, {"RightName": "WriteDacl", "IsInherited": true, "PrincipalSID": "INTELLIGENCE.HTB-S-1-5-32-544", "PrincipalType": "Group"}], "IsDeleted": false, "IsACLProtected": false},{"ObjectIdentifier": "INTELLIGENCE.HTB-S-1-5-32-559", "Properties": {"domain": "INTELLIGENCE.HTB", "domainsid": "S-1-5-21-4210132550-3389855604-3437519686", "highvalue": false, "name": "PERFORMANCE LOG USERS@INTELLIGENCE.HTB", "distinguishedname": "CN=PERFORMANCE LOG USERS,CN=BUILTIN,DC=INTELLIGENCE,DC=HTB", "admincount": false, "description": "Members of this group may schedule logging of performance counters, enable trace providers, and collect event traces both locally and via remote access to this computer", "whencreated": 1618792931}, "Members": [], "Aces": [{"RightName": "Owns", "IsInherited": false, "PrincipalSID": "INTELLIGENCE.HTB-S-1-5-32-544", "PrincipalType": "Group"}, {"RightName": "GenericAll", "IsInherited": false, "PrincipalSID": "S-1-5-21-4210132550-3389855604-3437519686-512", "PrincipalType": "Group"}, {"RightName": "GenericAll", "IsInherited": false, "PrincipalSID": "INTELLIGENCE.HTB-S-1-5-32-548", "PrincipalType": "Group"}, {"RightName": "GenericAll", "IsInherited": true, "PrincipalSID": "S-1-5-21-4210132550-3389855604-3437519686-519", "PrincipalType": "Group"}, {"RightName": "GenericWrite", "IsInherited": true, "PrincipalSID": "INTELLIGENCE.HTB-S-1-5-32-544", "PrincipalType": "Group"}, {"RightName": "WriteOwner", "IsInherited": true, "PrincipalSID": "INTELLIGENCE.HTB-S-1-5-32-544", "PrincipalType": "Group"}, {"RightName": "WriteDacl", "IsInherited": true, "PrincipalSID": "INTELLIGENCE.HTB-S-1-5-32-544", "PrincipalType": "Group"}], "IsDeleted": false, "IsACLProtected": false},{"ObjectIdentifier": "INTELLIGENCE.HTB-S-1-5-32-558", "Properties": {"domain": "INTELLIGENCE.HTB", "domainsid": "S-1-5-21-4210132550-3389855604-3437519686", "highvalue": false, "name": "PERFORMANCE MONITOR USERS@INTELLIGENCE.HTB", "distinguishedname": "CN=PERFORMANCE MONITOR USERS,CN=BUILTIN,DC=INTELLIGENCE,DC=HTB", "admincount": false, "description": "Members of this group can access performance counter data locally and remotely", "whencreated": 1618792931}, "Members": [], "Aces": [{"RightName": "Owns", "IsInherited": false, "PrincipalSID": "INTELLIGENCE.HTB-S-1-5-32-544", "PrincipalType": "Group"}, {"RightName": "GenericAll", "IsInherited": false, "PrincipalSID": "S-1-5-21-4210132550-3389855604-3437519686-512", "PrincipalType": "Group"}, {"RightName": "GenericAll", "IsInherited": false, "PrincipalSID": "INTELLIGENCE.HTB-S-1-5-32-548", "PrincipalType": "Group"}, {"RightName": "GenericAll", "IsInherited": true, "PrincipalSID": "S-1-5-21-4210132550-3389855604-3437519686-519", "PrincipalType": "Group"}, {"RightName": "GenericWrite", "IsInherited": true, "PrincipalSID": "INTELLIGENCE.HTB-S-1-5-32-544", "PrincipalType": "Group"}, {"RightName": "WriteOwner", "IsInherited": true, "PrincipalSID": "INTELLIGENCE.HTB-S-1-5-32-544", "PrincipalType": "Group"}, {"RightName": "WriteDacl", "IsInherited": true, "PrincipalSID": "INTELLIGENCE.HTB-S-1-5-32-544", "PrincipalType": "Group"}], "IsDeleted": false, "IsACLProtected": false},{"ObjectIdentifier": "INTELLIGENCE.HTB-S-1-5-32-556", "Properties": {"domain": "INTELLIGENCE.HTB", "domainsid": "S-1-5-21-4210132550-3389855604-3437519686", "highvalue": false, "name": "NETWORK CONFIGURATION OPERATORS@INTELLIGENCE.HTB", "distinguishedname": "CN=NETWORK CONFIGURATION OPERATORS,CN=BUILTIN,DC=INTELLIGENCE,DC=HTB", "admincount": false, "description": "Members in this group can have some administrative privileges to manage configuration of networking features", "whencreated": 1618792931}, "Members": [], "Aces": [{"RightName": "Owns", "IsInherited": false, "PrincipalSID": "INTELLIGENCE.HTB-S-1-5-32-544", "PrincipalType": "Group"}, {"RightName": "GenericAll", "IsInherited": false, "PrincipalSID": "S-1-5-21-4210132550-3389855604-3437519686-512", "PrincipalType": "Group"}, {"RightName": "GenericAll", "IsInherited": false, "PrincipalSID": "INTELLIGENCE.HTB-S-1-5-32-548", "PrincipalType": "Group"}, {"RightName": "GenericAll", "IsInherited": true, "PrincipalSID": "S-1-5-21-4210132550-3389855604-3437519686-519", "PrincipalType": "Group"}, {"RightName": "GenericWrite", "IsInherited": true, "PrincipalSID": "INTELLIGENCE.HTB-S-1-5-32-544", "PrincipalType": "Group"}, {"RightName": "WriteOwner", "IsInherited": true, "PrincipalSID": "INTELLIGENCE.HTB-S-1-5-32-544", "PrincipalType": "Group"}, {"RightName": "WriteDacl", "IsInherited": true, "PrincipalSID": "INTELLIGENCE.HTB-S-1-5-32-544", "PrincipalType": "Group"}], "IsDeleted": false, "IsACLProtected": false},{"ObjectIdentifier": "INTELLIGENCE.HTB-S-1-5-32-552", "Properties": {"domain": "INTELLIGENCE.HTB", "domainsid": "S-1-5-21-4210132550-3389855604-3437519686", "highvalue": false, "name": "REPLICATOR@INTELLIGENCE.HTB", "distinguishedname": "CN=REPLICATOR,CN=BUILTIN,DC=INTELLIGENCE,DC=HTB", "admincount": true, "description": "Supports file replication in a domain", "whencreated": 1618792931}, "Members": [], "Aces": [{"RightName": "Owns", "IsInherited": false, "PrincipalSID": "S-1-5-21-4210132550-3389855604-3437519686-512", "PrincipalType": "Group"}, {"RightName": "GenericWrite", "IsInherited": false, "PrincipalSID": "S-1-5-21-4210132550-3389855604-3437519686-512", "PrincipalType": "Group"}, {"RightName": "WriteOwner", "IsInherited": false, "PrincipalSID": "S-1-5-21-4210132550-3389855604-3437519686-512", "PrincipalType": "Group"}, {"RightName": "WriteDacl", "IsInherited": false, "PrincipalSID": "S-1-5-21-4210132550-3389855604-3437519686-512", "PrincipalType": "Group"}, {"RightName": "GenericWrite", "IsInherited": false, "PrincipalSID": "S-1-5-21-4210132550-3389855604-3437519686-519", "PrincipalType": "Group"}, {"RightName": "WriteOwner", "IsInherited": false, "PrincipalSID": "S-1-5-21-4210132550-3389855604-3437519686-519", "PrincipalType": "Group"}, {"RightName": "WriteDacl", "IsInherited": false, "PrincipalSID": "S-1-5-21-4210132550-3389855604-3437519686-519", "PrincipalType": "Group"}, {"RightName": "GenericWrite", "IsInherited": false, "PrincipalSID": "INTELLIGENCE.HTB-S-1-5-32-544", "PrincipalType": "Group"}, {"RightName": "WriteOwner", "IsInherited": false, "PrincipalSID": "INTELLIGENCE.HTB-S-1-5-32-544", "PrincipalType": "Group"}, {"RightName": "WriteDacl", "IsInherited": false, "PrincipalSID": "INTELLIGENCE.HTB-S-1-5-32-544", "PrincipalType": "Group"}], "IsDeleted": false, "IsACLProtected": true},{"ObjectIdentifier": "INTELLIGENCE.HTB-S-1-5-32-555", "Properties": {"domain": "INTELLIGENCE.HTB", "domainsid": "S-1-5-21-4210132550-3389855604-3437519686", "highvalue": false, "name": "REMOTE DESKTOP USERS@INTELLIGENCE.HTB", "distinguishedname": "CN=REMOTE DESKTOP USERS,CN=BUILTIN,DC=INTELLIGENCE,DC=HTB", "admincount": false, "description": "Members in this group are granted the right to logon remotely", "whencreated": 1618792931}, "Members": [], "Aces": [{"RightName": "Owns", "IsInherited": false, "PrincipalSID": "INTELLIGENCE.HTB-S-1-5-32-544", "PrincipalType": "Group"}, {"RightName": "GenericAll", "IsInherited": false, "PrincipalSID": "S-1-5-21-4210132550-3389855604-3437519686-512", "PrincipalType": "Group"}, {"RightName": "GenericAll", "IsInherited": false, "PrincipalSID": "INTELLIGENCE.HTB-S-1-5-32-548", "PrincipalType": "Group"}, {"RightName": "GenericAll", "IsInherited": true, "PrincipalSID": "S-1-5-21-4210132550-3389855604-3437519686-519", "PrincipalType": "Group"}, {"RightName": "GenericWrite", "IsInherited": true, "PrincipalSID": "INTELLIGENCE.HTB-S-1-5-32-544", "PrincipalType": "Group"}, {"RightName": "WriteOwner", "IsInherited": true, "PrincipalSID": "INTELLIGENCE.HTB-S-1-5-32-544", "PrincipalType": "Group"}, {"RightName": "WriteDacl", "IsInherited": true, "PrincipalSID": "INTELLIGENCE.HTB-S-1-5-32-544", "PrincipalType": "Group"}], "IsDeleted": false, "IsACLProtected": false},{"ObjectIdentifier": "INTELLIGENCE.HTB-S-1-5-32-551", "Properties": {"domain": "INTELLIGENCE.HTB", "domainsid": "S-1-5-21-4210132550-3389855604-3437519686", "highvalue": true, "name": "BACKUP OPERATORS@INTELLIGENCE.HTB", "distinguishedname": "CN=BACKUP OPERATORS,CN=BUILTIN,DC=INTELLIGENCE,DC=HTB", "admincount": true, "description": "Backup Operators can override security restrictions for the sole purpose of backing up or restoring files", "whencreated": 1618792931}, "Members": [], "Aces": [{"RightName": "Owns", "IsInherited": false, "PrincipalSID": "S-1-5-21-4210132550-3389855604-3437519686-512", "PrincipalType": "Group"}, {"RightName": "GenericWrite", "IsInherited": false, "PrincipalSID": "S-1-5-21-4210132550-3389855604-3437519686-512", "PrincipalType": "Group"}, {"RightName": "WriteOwner", "IsInherited": false, "PrincipalSID": "S-1-5-21-4210132550-3389855604-3437519686-512", "PrincipalType": "Group"}, {"RightName": "WriteDacl", "IsInherited": false, "PrincipalSID": "S-1-5-21-4210132550-3389855604-3437519686-512", "PrincipalType": "Group"}, {"RightName": "GenericWrite", "IsInherited": false, "PrincipalSID": "S-1-5-21-4210132550-3389855604-3437519686-519", "PrincipalType": "Group"}, {"RightName": "WriteOwner", "IsInherited": false, "PrincipalSID": "S-1-5-21-4210132550-3389855604-3437519686-519", "PrincipalType": "Group"}, {"RightName": "WriteDacl", "IsInherited": false, "PrincipalSID": "S-1-5-21-4210132550-3389855604-3437519686-519", "PrincipalType": "Group"}, {"RightName": "GenericWrite", "IsInherited": false, "PrincipalSID": "INTELLIGENCE.HTB-S-1-5-32-544", "PrincipalType": "Group"}, {"RightName": "WriteOwner", "IsInherited": false, "PrincipalSID": "INTELLIGENCE.HTB-S-1-5-32-544", "PrincipalType": "Group"}, {"RightName": "WriteDacl", "IsInherited": false, "PrincipalSID": "INTELLIGENCE.HTB-S-1-5-32-544", "PrincipalType": "Group"}], "IsDeleted": false, "IsACLProtected": true},{"ObjectIdentifier": "INTELLIGENCE.HTB-S-1-5-32-550", "Properties": {"domain": "INTELLIGENCE.HTB", "domainsid": "S-1-5-21-4210132550-3389855604-3437519686", "highvalue": true, "name": "PRINT OPERATORS@INTELLIGENCE.HTB", "distinguishedname": "CN=PRINT OPERATORS,CN=BUILTIN,DC=INTELLIGENCE,DC=HTB", "admincount": true, "description": "Members can administer printers installed on domain controllers", "whencreated": 1618792931}, "Members": [], "Aces": [{"RightName": "Owns", "IsInherited": false, "PrincipalSID": "S-1-5-21-4210132550-3389855604-3437519686-512", "PrincipalType": "Group"}, {"RightName": "GenericWrite", "IsInherited": false, "PrincipalSID": "S-1-5-21-4210132550-3389855604-3437519686-512", "PrincipalType": "Group"}, {"RightName": "WriteOwner", "IsInherited": false, "PrincipalSID": "S-1-5-21-4210132550-3389855604-3437519686-512", "PrincipalType": "Group"}, {"RightName": "WriteDacl", "IsInherited": false, "PrincipalSID": "S-1-5-21-4210132550-3389855604-3437519686-512", "PrincipalType": "Group"}, {"RightName": "GenericWrite", "IsInherited": false, "PrincipalSID": "S-1-5-21-4210132550-3389855604-3437519686-519", "PrincipalType": "Group"}, {"RightName": "WriteOwner", "IsInherited": false, "PrincipalSID": "S-1-5-21-4210132550-3389855604-3437519686-519", "PrincipalType": "Group"}, {"RightName": "WriteDacl", "IsInherited": false, "PrincipalSID": "S-1-5-21-4210132550-3389855604-3437519686-519", "PrincipalType": "Group"}, {"RightName": "GenericWrite", "IsInherited": false, "PrincipalSID": "INTELLIGENCE.HTB-S-1-5-32-544", "PrincipalType": "Group"}, {"RightName": "WriteOwner", "IsInherited": false, "PrincipalSID": "INTELLIGENCE.HTB-S-1-5-32-544", "PrincipalType": "Group"}, {"RightName": "WriteDacl", "IsInherited": false, "PrincipalSID": "INTELLIGENCE.HTB-S-1-5-32-544", "PrincipalType": "Group"}], "IsDeleted": false, "IsACLProtected": true},{"ObjectIdentifier": "INTELLIGENCE.HTB-S-1-5-32-546", "Properties": {"domain": "INTELLIGENCE.HTB", "domainsid": "S-1-5-21-4210132550-3389855604-3437519686", "highvalue": false, "name": "GUESTS@INTELLIGENCE.HTB", "distinguishedname": "CN=GUESTS,CN=BUILTIN,DC=INTELLIGENCE,DC=HTB", "admincount": false, "description": "Guests have the same access as members of the Users group by default, except for the Guest account which is further restricted", "whencreated": 1618792931}, "Members": [{"ObjectIdentifier": "S-1-5-21-4210132550-3389855604-3437519686-514", "ObjectType": "Group"}, {"ObjectIdentifier": "S-1-5-21-4210132550-3389855604-3437519686-501", "ObjectType": "User"}], "Aces": [{"RightName": "Owns", "IsInherited": false, "PrincipalSID": "INTELLIGENCE.HTB-S-1-5-32-544", "PrincipalType": "Group"}, {"RightName": "GenericAll", "IsInherited": false, "PrincipalSID": "S-1-5-21-4210132550-3389855604-3437519686-512", "PrincipalType": "Group"}, {"RightName": "GenericAll", "IsInherited": false, "PrincipalSID": "INTELLIGENCE.HTB-S-1-5-32-548", "PrincipalType": "Group"}, {"RightName": "GenericAll", "IsInherited": true, "PrincipalSID": "S-1-5-21-4210132550-3389855604-3437519686-519", "PrincipalType": "Group"}, {"RightName": "GenericWrite", "IsInherited": true, "PrincipalSID": "INTELLIGENCE.HTB-S-1-5-32-544", "PrincipalType": "Group"}, {"RightName": "WriteOwner", "IsInherited": true, "PrincipalSID": "INTELLIGENCE.HTB-S-1-5-32-544", "PrincipalType": "Group"}, {"RightName": "WriteDacl", "IsInherited": true, "PrincipalSID": "INTELLIGENCE.HTB-S-1-5-32-544", "PrincipalType": "Group"}], "IsDeleted": false, "IsACLProtected": false},{"ObjectIdentifier": "INTELLIGENCE.HTB-S-1-5-32-545", "Properties": {"domain": "INTELLIGENCE.HTB", "domainsid": "S-1-5-21-4210132550-3389855604-3437519686", "highvalue": false, "name": "USERS@INTELLIGENCE.HTB", "distinguishedname": "CN=USERS,CN=BUILTIN,DC=INTELLIGENCE,DC=HTB", "admincount": false, "description": "Users are prevented from making accidental or intentional system-wide changes and can run most applications", "whencreated": 1618792931}, "Members": [{"ObjectIdentifier": "S-1-5-21-4210132550-3389855604-3437519686-513", "ObjectType": "Group"}, {"ObjectIdentifier": "INTELLIGENCE.HTB-S-1-5-11", "ObjectType": "Group"}, {"ObjectIdentifier": "INTELLIGENCE.HTB-S-1-5-4", "ObjectType": "Group"}], "Aces": [{"RightName": "Owns", "IsInherited": false, "PrincipalSID": "INTELLIGENCE.HTB-S-1-5-32-544", "PrincipalType": "Group"}, {"RightName": "GenericAll", "IsInherited": false, "PrincipalSID": "S-1-5-21-4210132550-3389855604-3437519686-512", "PrincipalType": "Group"}, {"RightName": "GenericAll", "IsInherited": false, "PrincipalSID": "INTELLIGENCE.HTB-S-1-5-32-548", "PrincipalType": "Group"}, {"RightName": "GenericAll", "IsInherited": true, "PrincipalSID": "S-1-5-21-4210132550-3389855604-3437519686-519", "PrincipalType": "Group"}, {"RightName": "GenericWrite", "IsInherited": true, "PrincipalSID": "INTELLIGENCE.HTB-S-1-5-32-544", "PrincipalType": "Group"}, {"RightName": "WriteOwner", "IsInherited": true, "PrincipalSID": "INTELLIGENCE.HTB-S-1-5-32-544", "PrincipalType": "Group"}, {"RightName": "WriteDacl", "IsInherited": true, "PrincipalSID": "INTELLIGENCE.HTB-S-1-5-32-544", "PrincipalType": "Group"}], "IsDeleted": false, "IsACLProtected": false},{"ObjectIdentifier": "INTELLIGENCE.HTB-S-1-5-32-544", "Properties": {"domain": "INTELLIGENCE.HTB", "domainsid": "S-1-5-21-4210132550-3389855604-3437519686", "highvalue": true, "name": "ADMINISTRATORS@INTELLIGENCE.HTB", "distinguishedname": "CN=ADMINISTRATORS,CN=BUILTIN,DC=INTELLIGENCE,DC=HTB", "admincount": true, "description": "Administrators have complete and unrestricted access to the computer/domain", "whencreated": 1618792931}, "Members": [{"ObjectIdentifier": "S-1-5-21-4210132550-3389855604-3437519686-512", "ObjectType": "Group"}, {"ObjectIdentifier": "S-1-5-21-4210132550-3389855604-3437519686-519", "ObjectType": "Group"}, {"ObjectIdentifier": "S-1-5-21-4210132550-3389855604-3437519686-500", "ObjectType": "User"}], "Aces": [{"RightName": "Owns", "IsInherited": false, "PrincipalSID": "S-1-5-21-4210132550-3389855604-3437519686-512", "PrincipalType": "Group"}, {"RightName": "GenericWrite", "IsInherited": false, "PrincipalSID": "S-1-5-21-4210132550-3389855604-3437519686-512", "PrincipalType": "Group"}, {"RightName": "WriteOwner", "IsInherited": false, "PrincipalSID": "S-1-5-21-4210132550-3389855604-3437519686-512", "PrincipalType": "Group"}, {"RightName": "WriteDacl", "IsInherited": false, "PrincipalSID": "S-1-5-21-4210132550-3389855604-3437519686-512", "PrincipalType": "Group"}, {"RightName": "GenericWrite", "IsInherited": false, "PrincipalSID": "S-1-5-21-4210132550-3389855604-3437519686-519", "PrincipalType": "Group"}, {"RightName": "WriteOwner", "IsInherited": false, "PrincipalSID": "S-1-5-21-4210132550-3389855604-3437519686-519", "PrincipalType": "Group"}, {"RightName": "WriteDacl", "IsInherited": false, "PrincipalSID": "S-1-5-21-4210132550-3389855604-3437519686-519", "PrincipalType": "Group"}, {"RightName": "GenericWrite", "IsInherited": false, "PrincipalSID": "INTELLIGENCE.HTB-S-1-5-32-544", "PrincipalType": "Group"}, {"RightName": "WriteOwner", "IsInherited": false, "PrincipalSID": "INTELLIGENCE.HTB-S-1-5-32-544", "PrincipalType": "Group"}, {"RightName": "WriteDacl", "IsInherited": false, "PrincipalSID": "INTELLIGENCE.HTB-S-1-5-32-544", "PrincipalType": "Group"}], "IsDeleted": false, "IsACLProtected": true}],"meta":{"methods":0,"type":"groups","count":55, "version":5}}