{"data": [{"ObjectIdentifier": "S-1-5-21-4210132550-3389855604-3437519686", "Properties": {"name": "INTELLIGENCE.HTB", "domain": "INTELLIGENCE.HTB", "domainsid": "S-1-5-21-4210132550-3389855604-3437519686", "distinguishedname": "DC=INTELLIGENCE,DC=HTB", "description": null, "functionallevel": "2016", "highvalue": true, "whencreated": 1618792925}, "Trusts": [], "Aces": [{"RightName": "Owns", "IsInherited": false, "PrincipalSID": "INTELLIGENCE.HTB-S-1-5-32-544", "PrincipalType": "Group"}, {"RightName": "GetChanges", "IsInherited": false, "PrincipalSID": "S-1-5-21-4210132550-3389855604-3437519686-498", "PrincipalType": "Group"}, {"RightName": "GetChangesAll", "IsInherited": false, "PrincipalSID": "S-1-5-21-4210132550-3389855604-3437519686-516", "PrincipalType": "Group"}, {"RightName": "GetChangesInFilteredSet", "IsInherited": false, "PrincipalSID": "INTELLIGENCE.HTB-S-1-5-32-544", "PrincipalType": "Group"}, {"RightName": "GetChanges", "IsInherited": false, "PrincipalSID": "INTELLIGENCE.HTB-S-1-5-32-544", "PrincipalType": "Group"}, {"RightName": "GetChangesAll", "IsInherited": false, "PrincipalSID": "INTELLIGENCE.HTB-S-1-5-32-544", "PrincipalType": "Group"}, {"RightName": "GetChangesInFilteredSet", "IsInherited": false, "PrincipalSID": "INTELLIGENCE.HTB-S-1-5-9", "PrincipalType": "Group"}, {"RightName": "GetChanges", "IsInherited": false, "PrincipalSID": "INTELLIGENCE.HTB-S-1-5-9", "PrincipalType": "Group"}, {"RightName": "GenericWrite", "IsInherited": false, "PrincipalSID": "S-1-5-21-4210132550-3389855604-3437519686-512", "PrincipalType": "Group"}, {"RightName": "WriteOwner", "IsInherited": false, "PrincipalSID": "S-1-5-21-4210132550-3389855604-3437519686-512", "PrincipalType": "Group"}, {"RightName": "AllExtendedRights", "IsInherited": false, "PrincipalSID": "S-1-5-21-4210132550-3389855604-3437519686-512", "PrincipalType": "Group"}, {"RightName": "WriteDacl", "IsInherited": false, "PrincipalSID": "S-1-5-21-4210132550-3389855604-3437519686-512", "PrincipalType": "Group"}, {"RightName": "GenericAll", "IsInherited": false, "PrincipalSID": "S-1-5-21-4210132550-3389855604-3437519686-519", "PrincipalType": "Group"}, {"RightName": "GenericWrite", "IsInherited": false, "PrincipalSID": "INTELLIGENCE.HTB-S-1-5-32-544", "PrincipalType": "Group"}, {"RightName": "WriteOwner", "IsInherited": false, "PrincipalSID": "INTELLIGENCE.HTB-S-1-5-32-544", "PrincipalType": "Group"}, {"RightName": "AllExtendedRights", "IsInherited": false, "PrincipalSID": "INTELLIGENCE.HTB-S-1-5-32-544", "PrincipalType": "Group"}, {"RightName": "WriteDacl", "IsInherited": false, "PrincipalSID": "INTELLIGENCE.HTB-S-1-5-32-544", "PrincipalType": "Group"}], "Links": [], "ChildObjects": [], "GPOChanges": {"AffectedComputers": [], "DcomUsers": [], "LocalAdmins": [], "PSRemoteUsers": [], "RemoteDesktopUsers": []}, "IsDeleted": false, "IsACLProtected": false}], "meta": {"type": "domains", "count": 1, "version": 5}}