{"data":[{"ObjectIdentifier": "S-1-5-21-4210132550-3389855604-3437519686-1000", "AllowedToAct": [], "PrimaryGroupSID": "S-1-5-21-4210132550-3389855604-3437519686-516", "LocalAdmins": {"Collected": true, "FailureReason": null, "Results": [{"ObjectIdentifier": "S-1-5-21-4210132550-3389855604-3437519686-500", "ObjectType": "User"}, {"ObjectIdentifier": "S-1-5-21-4210132550-3389855604-3437519686-519", "ObjectType": "Group"}, {"ObjectIdentifier": "S-1-5-21-4210132550-3389855604-3437519686-512", "ObjectType": "Group"}]}, "PSRemoteUsers": {"Collected": true, "FailureReason": null, "Results": []}, "Properties": {"name": "DC.INTELLIGENCE.HTB", "domainsid": "S-1-5-21-4210132550-3389855604-3437519686", "domain": "INTELLIGENCE.HTB", "distinguishedname": "CN=DC,OU=DOMAIN CONTROLLERS,DC=INTELLIGENCE,DC=HTB", "unconstraineddelegation": true, "enabled": true, "trustedtoauth": false, "samaccountname": "DC$", "haslaps": false, "lastlogon": 1668150612, "lastlogontimestamp": 1668150564, "pwdlastset": 1668150540, "whencreated": 1618792961, "serviceprincipalnames": ["ldap/DC/intelligence", "HOST/DC/intelligence", "RestrictedKrbHost/DC", "HOST/DC", "ldap/DC", "Dfsr-12F9A27C-BF97-4787-9364-D31B6C55EB04/dc.intelligence.htb", "ldap/dc.intelligence.htb/ForestDnsZones.intelligence.htb", "ldap/dc.intelligence.htb/DomainDnsZones.intelligence.htb", "DNS/dc.intelligence.htb", "GC/dc.intelligence.htb/intelligence.htb", "RestrictedKrbHost/dc.intelligence.htb", "RPC/195d59db-c263-4e51-b00b-4d6ce30136ea._msdcs.intelligence.htb", "HOST/dc.intelligence.htb/intelligence", "HOST/dc.intelligence.htb", "HOST/dc.intelligence.htb/intelligence.htb", "E3514235-4B06-11D1-AB04-00C04FC2DCD2/195d59db-c263-4e51-b00b-4d6ce30136ea/intelligence.htb", "ldap/195d59db-c263-4e51-b00b-4d6ce30136ea._msdcs.intelligence.htb", "ldap/dc.intelligence.htb/intelligence", "ldap/dc.intelligence.htb", "ldap/dc.intelligence.htb/intelligence.htb"], "description": null, "operatingsystem": "Windows Server 2019 Datacenter", "sidhistory": []}, "RemoteDesktopUsers": {"Collected": true, "FailureReason": null, "Results": []}, "DcomUsers": {"Collected": true, "FailureReason": null, "Results": []}, "AllowedToDelegate": [], "Sessions": {"Collected": true, "FailureReason": null, "Results": []}, "PrivilegedSessions": {"Collected": false, "FailureReason": null, "Results": []}, "RegistrySessions": {"Collected": false, "FailureReason": null, "Results": []}, "Aces": [{"RightName": "Owns", "IsInherited": false, "PrincipalSID": "S-1-5-21-4210132550-3389855604-3437519686-512", "PrincipalType": "Group"}, {"RightName": "GenericAll", "IsInherited": false, "PrincipalSID": "S-1-5-21-4210132550-3389855604-3437519686-512", "PrincipalType": "Group"}, {"RightName": "AddKeyCredentialLink", "IsInherited": true, "PrincipalSID": "S-1-5-21-4210132550-3389855604-3437519686-526", "PrincipalType": "Group"}, {"RightName": "AddKeyCredentialLink", "IsInherited": true, "PrincipalSID": "S-1-5-21-4210132550-3389855604-3437519686-527", "PrincipalType": "Group"}, {"RightName": "GenericAll", "IsInherited": true, "PrincipalSID": "S-1-5-21-4210132550-3389855604-3437519686-519", "PrincipalType": "Group"}, {"RightName": "GenericWrite", "IsInherited": true, "PrincipalSID": "INTELLIGENCE.HTB-S-1-5-32-544", "PrincipalType": "Group"}, {"RightName": "WriteOwner", "IsInherited": true, "PrincipalSID": "INTELLIGENCE.HTB-S-1-5-32-544", "PrincipalType": "Group"}, {"RightName": "WriteDacl", "IsInherited": true, "PrincipalSID": "INTELLIGENCE.HTB-S-1-5-32-544", "PrincipalType": "Group"}], "HasSIDHistory": [], "IsDeleted": false, "Status": null, "IsACLProtected": false},{"ObjectIdentifier": "S-1-5-21-4210132550-3389855604-3437519686-1144", "AllowedToAct": [], "PrimaryGroupSID": "S-1-5-21-4210132550-3389855604-3437519686-515", "LocalAdmins": {"Collected": false, "FailureReason": null, "Results": []}, "PSRemoteUsers": {"Collected": false, "FailureReason": null, "Results": []}, "Properties": {"name": "SVC_INT.INTELLIGENCE.HTB", "domainsid": "S-1-5-21-4210132550-3389855604-3437519686", "domain": "INTELLIGENCE.HTB", "distinguishedname": "CN=SVC_INT,CN=MANAGED SERVICE ACCOUNTS,DC=INTELLIGENCE,DC=HTB", "unconstraineddelegation": false, "enabled": true, "trustedtoauth": true, "samaccountname": "svc_int$", "haslaps": false, "lastlogon": 0, "lastlogontimestamp": -1, "pwdlastset": 1623679522, "whencreated": 1618793398, "serviceprincipalnames": [], "description": null, "operatingsystem": null, "sidhistory": [], "allowedtodelegate": ["WWW/dc.intelligence.htb"]}, "RemoteDesktopUsers": {"Collected": false, "FailureReason": null, "Results": []}, "DcomUsers": {"Collected": false, "FailureReason": null, "Results": []}, "AllowedToDelegate": ["S-1-5-21-4210132550-3389855604-3437519686-1000"], "Sessions": {"Collected": false, "FailureReason": null, "Results": []}, "PrivilegedSessions": {"Collected": false, "FailureReason": null, "Results": []}, "RegistrySessions": {"Collected": false, "FailureReason": null, "Results": []}, "Aces": [{"RightName": "Owns", "IsInherited": false, "PrincipalSID": "S-1-5-21-4210132550-3389855604-3437519686-512", "PrincipalType": "Group"}, {"RightName": "GenericAll", "IsInherited": false, "PrincipalSID": "S-1-5-21-4210132550-3389855604-3437519686-512", "PrincipalType": "Group"}, {"RightName": "GenericAll", "IsInherited": false, "PrincipalSID": "INTELLIGENCE.HTB-S-1-5-32-548", "PrincipalType": "Group"}, {"RightName": "AddKeyCredentialLink", "IsInherited": true, "PrincipalSID": "S-1-5-21-4210132550-3389855604-3437519686-526", "PrincipalType": "Group"}, {"RightName": "AddKeyCredentialLink", "IsInherited": true, "PrincipalSID": "S-1-5-21-4210132550-3389855604-3437519686-527", "PrincipalType": "Group"}, {"RightName": "GenericAll", "IsInherited": true, "PrincipalSID": "S-1-5-21-4210132550-3389855604-3437519686-519", "PrincipalType": "Group"}, {"RightName": "GenericWrite", "IsInherited": true, "PrincipalSID": "INTELLIGENCE.HTB-S-1-5-32-544", "PrincipalType": "Group"}, {"RightName": "WriteOwner", "IsInherited": true, "PrincipalSID": "INTELLIGENCE.HTB-S-1-5-32-544", "PrincipalType": "Group"}, {"RightName": "WriteDacl", "IsInherited": true, "PrincipalSID": "INTELLIGENCE.HTB-S-1-5-32-544", "PrincipalType": "Group"}], "HasSIDHistory": [], "IsDeleted": false, "Status": null, "IsACLProtected": false}],"meta":{"methods":0,"type":"computers","count":2, "version":5}}