{"data":[{"AllowedToDelegate": [], "ObjectIdentifier": "CASCADE.LOCAL-S-1-5-20", "PrimaryGroupSID": null, "Properties": {"domain": "CASCADE.LOCAL", "domainsid": "S-1-5-21-3332504370-1206983947-1165150453", "name": "NT AUTHORITY@CASCADE.LOCAL"}, "Aces": [], "SPNTargets": [], "HasSIDHistory": [], "IsDeleted": false, "IsACLProtected": false},{"AllowedToDelegate": [], "ObjectIdentifier": "S-1-5-21-3332504370-1206983947-1165150453-1135", "PrimaryGroupSID": "S-1-5-21-3332504370-1206983947-1165150453-513", "Properties": {"name": "I.CROFT@CASCADE.LOCAL", "domain": "CASCADE.LOCAL", "domainsid": "S-1-5-21-3332504370-1206983947-1165150453", "distinguishedname": "CN=IAN CROFT,OU=USERS,OU=UK,DC=CASCADE,DC=LOCAL", "unconstraineddelegation": false, "trustedtoauth": false, "passwordnotreqd": false, "enabled": false, "lastlogon": 0, "lastlogontimestamp": -1, "pwdlastset": 1579124781, "dontreqpreauth": false, "pwdneverexpires": true, "sensitive": false, "serviceprincipalnames": [], "hasspn": false, "displayname": "Ian Croft", "email": null, "title": null, "homedirectory": null, "description": null, "userpassword": null, "admincount": false, "sidhistory": [], "whencreated": 1579124781, "unixpassword": null, "unicodepassword": null, "logonscript": "MapDataDrive.vbs", "samaccountname": "i.croft", "sfupassword": null}, "Aces": [{"RightName": "Owns", "IsInherited": false, "PrincipalSID": "S-1-5-21-3332504370-1206983947-1165150453-512", "PrincipalType": "Group"}, {"RightName": "GenericAll", "IsInherited": false, "PrincipalSID": "S-1-5-21-3332504370-1206983947-1165150453-512", "PrincipalType": "Group"}, {"RightName": "GenericAll", "IsInherited": false, "PrincipalSID": "CASCADE.LOCAL-S-1-5-32-548", "PrincipalType": "Group"}, {"RightName": "GenericAll", "IsInherited": true, "PrincipalSID": "S-1-5-21-3332504370-1206983947-1165150453-519", "PrincipalType": "Group"}, {"RightName": "GenericWrite", "IsInherited": true, "PrincipalSID": "CASCADE.LOCAL-S-1-5-32-544", "PrincipalType": "Group"}, {"RightName": "WriteOwner", "IsInherited": true, "PrincipalSID": "CASCADE.LOCAL-S-1-5-32-544", "PrincipalType": "Group"}, {"RightName": "AllExtendedRights", "IsInherited": true, "PrincipalSID": "CASCADE.LOCAL-S-1-5-32-544", "PrincipalType": "Group"}, {"RightName": "WriteDacl", "IsInherited": true, "PrincipalSID": "CASCADE.LOCAL-S-1-5-32-544", "PrincipalType": "Group"}], "SPNTargets": [], "HasSIDHistory": [], "IsDeleted": false, "IsACLProtected": false},{"AllowedToDelegate": [], "ObjectIdentifier": "S-1-5-21-3332504370-1206983947-1165150453-1134", "PrimaryGroupSID": "S-1-5-21-3332504370-1206983947-1165150453-513", "Properties": {"name": "J.ALLEN@CASCADE.LOCAL", "domain": "CASCADE.LOCAL", "domainsid": "S-1-5-21-3332504370-1206983947-1165150453", "distinguishedname": "CN=JOSEPH ALLEN,OU=USERS,OU=UK,DC=CASCADE,DC=LOCAL", "unconstraineddelegation": false, "trustedtoauth": false, "passwordnotreqd": false, "enabled": true, "lastlogon": 0, "lastlogontimestamp": -1, "pwdlastset": 1578936239, "dontreqpreauth": false, "pwdneverexpires": true, "sensitive": false, "serviceprincipalnames": [], "hasspn": false, "displayname": "Joseph Allen", "email": null, "title": null, "homedirectory": null, "description": null, "userpassword": null, "admincount": false, "sidhistory": [], "whencreated": 1578936239, "unixpassword": null, "unicodepassword": null, "logonscript": "MapDataDrive.vbs", "samaccountname": "j.allen", "sfupassword": null}, "Aces": [{"RightName": "Owns", "IsInherited": false, "PrincipalSID": "S-1-5-21-3332504370-1206983947-1165150453-512", "PrincipalType": "Group"}, {"RightName": "GenericAll", "IsInherited": false, "PrincipalSID": "S-1-5-21-3332504370-1206983947-1165150453-512", "PrincipalType": "Group"}, {"RightName": "GenericAll", "IsInherited": false, "PrincipalSID": "CASCADE.LOCAL-S-1-5-32-548", "PrincipalType": "Group"}, {"RightName": "GenericAll", "IsInherited": true, "PrincipalSID": "S-1-5-21-3332504370-1206983947-1165150453-519", "PrincipalType": "Group"}, {"RightName": "GenericWrite", "IsInherited": true, "PrincipalSID": "CASCADE.LOCAL-S-1-5-32-544", "PrincipalType": "Group"}, {"RightName": "WriteOwner", "IsInherited": true, "PrincipalSID": "CASCADE.LOCAL-S-1-5-32-544", "PrincipalType": "Group"}, {"RightName": "AllExtendedRights", "IsInherited": true, "PrincipalSID": "CASCADE.LOCAL-S-1-5-32-544", "PrincipalType": "Group"}, {"RightName": "WriteDacl", "IsInherited": true, "PrincipalSID": "CASCADE.LOCAL-S-1-5-32-544", "PrincipalType": "Group"}], "SPNTargets": [], "HasSIDHistory": [], "IsDeleted": false, "IsACLProtected": false},{"AllowedToDelegate": [], "ObjectIdentifier": "S-1-5-21-3332504370-1206983947-1165150453-1129", "PrimaryGroupSID": "S-1-5-21-3332504370-1206983947-1165150453-513", "Properties": {"name": "D.BURMAN@CASCADE.LOCAL", "domain": "CASCADE.LOCAL", "domainsid": "S-1-5-21-3332504370-1206983947-1165150453", "distinguishedname": "CN=DAVID BURMAN,OU=USERS,OU=UK,DC=CASCADE,DC=LOCAL", "unconstraineddelegation": false, "trustedtoauth": false, "passwordnotreqd": false, "enabled": true, "lastlogon": 0, "lastlogontimestamp": -1, "pwdlastset": 1578933372, "dontreqpreauth": false, "pwdneverexpires": true, "sensitive": false, "serviceprincipalnames": [], "hasspn": false, "displayname": "David Burman", "email": null, "title": null, "homedirectory": null, "description": null, "userpassword": null, "admincount": false, "sidhistory": [], "whencreated": 1578933372, "unixpassword": null, "unicodepassword": null, "logonscript": "MapDataDrive.vbs", "samaccountname": "d.burman", "sfupassword": null}, "Aces": [{"RightName": "Owns", "IsInherited": false, "PrincipalSID": "S-1-5-21-3332504370-1206983947-1165150453-512", "PrincipalType": "Group"}, {"RightName": "GenericAll", "IsInherited": false, "PrincipalSID": "S-1-5-21-3332504370-1206983947-1165150453-512", "PrincipalType": "Group"}, {"RightName": "GenericAll", "IsInherited": false, "PrincipalSID": "CASCADE.LOCAL-S-1-5-32-548", "PrincipalType": "Group"}, {"RightName": "GenericAll", "IsInherited": true, "PrincipalSID": "S-1-5-21-3332504370-1206983947-1165150453-519", "PrincipalType": "Group"}, {"RightName": "GenericWrite", "IsInherited": true, "PrincipalSID": "CASCADE.LOCAL-S-1-5-32-544", "PrincipalType": "Group"}, {"RightName": "WriteOwner", "IsInherited": true, "PrincipalSID": "CASCADE.LOCAL-S-1-5-32-544", "PrincipalType": "Group"}, {"RightName": "AllExtendedRights", "IsInherited": true, "PrincipalSID": "CASCADE.LOCAL-S-1-5-32-544", "PrincipalType": "Group"}, {"RightName": "WriteDacl", "IsInherited": true, "PrincipalSID": "CASCADE.LOCAL-S-1-5-32-544", "PrincipalType": "Group"}], "SPNTargets": [], "HasSIDHistory": [], "IsDeleted": false, "IsACLProtected": false},{"AllowedToDelegate": [], "ObjectIdentifier": "S-1-5-21-3332504370-1206983947-1165150453-1130", "PrimaryGroupSID": "S-1-5-21-3332504370-1206983947-1165150453-513", "Properties": {"name": "BACKUPSVC@CASCADE.LOCAL", "domain": "CASCADE.LOCAL", "domainsid": "S-1-5-21-3332504370-1206983947-1165150453", "distinguishedname": "CN=BACKUPSVC,OU=SERVICES,OU=USERS,OU=UK,DC=CASCADE,DC=LOCAL", "unconstraineddelegation": false, "trustedtoauth": false, "passwordnotreqd": false, "enabled": true, "lastlogon": 0, "lastlogontimestamp": -1, "pwdlastset": 1578933423, "dontreqpreauth": false, "pwdneverexpires": true, "sensitive": false, "serviceprincipalnames": [], "hasspn": false, "displayname": "BackupSvc", "email": null, "title": null, "homedirectory": null, "description": null, "userpassword": null, "admincount": false, "sidhistory": [], "whencreated": 1578933423, "unixpassword": null, "unicodepassword": null, "logonscript": null, "samaccountname": "BackupSvc", "sfupassword": null}, "Aces": [{"RightName": "Owns", "IsInherited": false, "PrincipalSID": "S-1-5-21-3332504370-1206983947-1165150453-512", "PrincipalType": "Group"}, {"RightName": "GenericAll", "IsInherited": false, "PrincipalSID": "S-1-5-21-3332504370-1206983947-1165150453-512", "PrincipalType": "Group"}, {"RightName": "GenericAll", "IsInherited": false, "PrincipalSID": "CASCADE.LOCAL-S-1-5-32-548", "PrincipalType": "Group"}, {"RightName": "GenericAll", "IsInherited": true, "PrincipalSID": "S-1-5-21-3332504370-1206983947-1165150453-519", "PrincipalType": "Group"}, {"RightName": "GenericWrite", "IsInherited": true, "PrincipalSID": "CASCADE.LOCAL-S-1-5-32-544", "PrincipalType": "Group"}, {"RightName": "WriteOwner", "IsInherited": true, "PrincipalSID": "CASCADE.LOCAL-S-1-5-32-544", "PrincipalType": "Group"}, {"RightName": "AllExtendedRights", "IsInherited": true, "PrincipalSID": "CASCADE.LOCAL-S-1-5-32-544", "PrincipalType": "Group"}, {"RightName": "WriteDacl", "IsInherited": true, "PrincipalSID": "CASCADE.LOCAL-S-1-5-32-544", "PrincipalType": "Group"}], "SPNTargets": [], "HasSIDHistory": [], "IsDeleted": false, "IsACLProtected": false},{"AllowedToDelegate": [], "ObjectIdentifier": "S-1-5-21-3332504370-1206983947-1165150453-1127", "PrimaryGroupSID": "S-1-5-21-3332504370-1206983947-1165150453-513", "Properties": {"name": "E.CROWE@CASCADE.LOCAL", "domain": "CASCADE.LOCAL", "domainsid": "S-1-5-21-3332504370-1206983947-1165150453", "distinguishedname": "CN=EDWARD CROWE,OU=USERS,OU=UK,DC=CASCADE,DC=LOCAL", "unconstraineddelegation": false, "trustedtoauth": false, "passwordnotreqd": false, "enabled": false, "lastlogon": 0, "lastlogontimestamp": -1, "pwdlastset": 1578887102, "dontreqpreauth": false, "pwdneverexpires": true, "sensitive": false, "serviceprincipalnames": [], "hasspn": false, "displayname": "Edward Crowe", "email": null, "title": null, "homedirectory": null, "description": null, "userpassword": null, "admincount": false, "sidhistory": [], "whencreated": 1578887102, "unixpassword": null, "unicodepassword": null, "logonscript": "MapDataDrive.vbs", "samaccountname": "e.crowe", "sfupassword": null}, "Aces": [{"RightName": "Owns", "IsInherited": false, "PrincipalSID": "S-1-5-21-3332504370-1206983947-1165150453-512", "PrincipalType": "Group"}, {"RightName": "GenericAll", "IsInherited": false, "PrincipalSID": "S-1-5-21-3332504370-1206983947-1165150453-512", "PrincipalType": "Group"}, {"RightName": "GenericAll", "IsInherited": false, "PrincipalSID": "CASCADE.LOCAL-S-1-5-32-548", "PrincipalType": "Group"}, {"RightName": "GenericAll", "IsInherited": true, "PrincipalSID": "S-1-5-21-3332504370-1206983947-1165150453-519", "PrincipalType": "Group"}, {"RightName": "GenericWrite", "IsInherited": true, "PrincipalSID": "CASCADE.LOCAL-S-1-5-32-544", "PrincipalType": "Group"}, {"RightName": "WriteOwner", "IsInherited": true, "PrincipalSID": "CASCADE.LOCAL-S-1-5-32-544", "PrincipalType": "Group"}, {"RightName": "AllExtendedRights", "IsInherited": true, "PrincipalSID": "CASCADE.LOCAL-S-1-5-32-544", "PrincipalType": "Group"}, {"RightName": "WriteDacl", "IsInherited": true, "PrincipalSID": "CASCADE.LOCAL-S-1-5-32-544", "PrincipalType": "Group"}], "SPNTargets": [], "HasSIDHistory": [], "IsDeleted": false, "IsACLProtected": false},{"AllowedToDelegate": [], "ObjectIdentifier": "S-1-5-21-3332504370-1206983947-1165150453-1128", "PrimaryGroupSID": "S-1-5-21-3332504370-1206983947-1165150453-513", "Properties": {"name": "B.HANSON@CASCADE.LOCAL", "domain": "CASCADE.LOCAL", "domainsid": "S-1-5-21-3332504370-1206983947-1165150453", "distinguishedname": "CN=BEN HANSON,OU=USERS,OU=UK,DC=CASCADE,DC=LOCAL", "unconstraineddelegation": false, "trustedtoauth": false, "passwordnotreqd": false, "enabled": false, "lastlogon": 0, "lastlogontimestamp": -1, "pwdlastset": 1578933339, "dontreqpreauth": false, "pwdneverexpires": true, "sensitive": false, "serviceprincipalnames": [], "hasspn": false, "displayname": "Ben Hanson", "email": null, "title": null, "homedirectory": null, "description": null, "userpassword": null, "admincount": false, "sidhistory": [], "whencreated": 1578933339, "unixpassword": null, "unicodepassword": null, "logonscript": null, "samaccountname": "b.hanson", "sfupassword": null}, "Aces": [{"RightName": "Owns", "IsInherited": false, "PrincipalSID": "S-1-5-21-3332504370-1206983947-1165150453-512", "PrincipalType": "Group"}, {"RightName": "GenericAll", "IsInherited": false, "PrincipalSID": "S-1-5-21-3332504370-1206983947-1165150453-512", "PrincipalType": "Group"}, {"RightName": "GenericAll", "IsInherited": false, "PrincipalSID": "CASCADE.LOCAL-S-1-5-32-548", "PrincipalType": "Group"}, {"RightName": "GenericAll", "IsInherited": true, "PrincipalSID": "S-1-5-21-3332504370-1206983947-1165150453-519", "PrincipalType": "Group"}, {"RightName": "GenericWrite", "IsInherited": true, "PrincipalSID": "CASCADE.LOCAL-S-1-5-32-544", "PrincipalType": "Group"}, {"RightName": "WriteOwner", "IsInherited": true, "PrincipalSID": "CASCADE.LOCAL-S-1-5-32-544", "PrincipalType": "Group"}, {"RightName": "AllExtendedRights", "IsInherited": true, "PrincipalSID": "CASCADE.LOCAL-S-1-5-32-544", "PrincipalType": "Group"}, {"RightName": "WriteDacl", "IsInherited": true, "PrincipalSID": "CASCADE.LOCAL-S-1-5-32-544", "PrincipalType": "Group"}], "SPNTargets": [], "HasSIDHistory": [], "IsDeleted": false, "IsACLProtected": false},{"AllowedToDelegate": [], "ObjectIdentifier": "S-1-5-21-3332504370-1206983947-1165150453-1122", "PrimaryGroupSID": "S-1-5-21-3332504370-1206983947-1165150453-513", "Properties": {"name": "J.GOODHAND@CASCADE.LOCAL", "domain": "CASCADE.LOCAL", "domainsid": "S-1-5-21-3332504370-1206983947-1165150453", "distinguishedname": "CN=JOHN GOODHAND,OU=USERS,OU=UK,DC=CASCADE,DC=LOCAL", "unconstraineddelegation": false, "trustedtoauth": false, "passwordnotreqd": false, "enabled": true, "lastlogon": 0, "lastlogontimestamp": -1, "pwdlastset": 1578879626, "dontreqpreauth": false, "pwdneverexpires": true, "sensitive": false, "serviceprincipalnames": [], "hasspn": false, "displayname": "John Goodhand", "email": null, "title": null, "homedirectory": null, "description": null, "userpassword": null, "admincount": false, "sidhistory": [], "whencreated": 1578879626, "unixpassword": null, "unicodepassword": null, "logonscript": "MapDataDrive.vbs", "samaccountname": "j.goodhand", "sfupassword": null}, "Aces": [{"RightName": "Owns", "IsInherited": false, "PrincipalSID": "S-1-5-21-3332504370-1206983947-1165150453-512", "PrincipalType": "Group"}, {"RightName": "GenericAll", "IsInherited": false, "PrincipalSID": "S-1-5-21-3332504370-1206983947-1165150453-512", "PrincipalType": "Group"}, {"RightName": "GenericAll", "IsInherited": false, "PrincipalSID": "CASCADE.LOCAL-S-1-5-32-548", "PrincipalType": "Group"}, {"RightName": "GenericAll", "IsInherited": true, "PrincipalSID": "S-1-5-21-3332504370-1206983947-1165150453-519", "PrincipalType": "Group"}, {"RightName": "GenericWrite", "IsInherited": true, "PrincipalSID": "CASCADE.LOCAL-S-1-5-32-544", "PrincipalType": "Group"}, {"RightName": "WriteOwner", "IsInherited": true, "PrincipalSID": "CASCADE.LOCAL-S-1-5-32-544", "PrincipalType": "Group"}, {"RightName": "AllExtendedRights", "IsInherited": true, "PrincipalSID": "CASCADE.LOCAL-S-1-5-32-544", "PrincipalType": "Group"}, {"RightName": "WriteDacl", "IsInherited": true, "PrincipalSID": "CASCADE.LOCAL-S-1-5-32-544", "PrincipalType": "Group"}], "SPNTargets": [], "HasSIDHistory": [], "IsDeleted": false, "IsACLProtected": false},{"AllowedToDelegate": [], "ObjectIdentifier": "S-1-5-21-3332504370-1206983947-1165150453-1121", "PrimaryGroupSID": "S-1-5-21-3332504370-1206983947-1165150453-513", "Properties": {"name": "S.HICKSON@CASCADE.LOCAL", "domain": "CASCADE.LOCAL", "domainsid": "S-1-5-21-3332504370-1206983947-1165150453", "distinguishedname": "CN=STEPHANIE HICKSON,OU=USERS,OU=UK,DC=CASCADE,DC=LOCAL", "unconstraineddelegation": false, "trustedtoauth": false, "passwordnotreqd": false, "enabled": true, "lastlogon": 0, "lastlogontimestamp": -1, "pwdlastset": 1578878667, "dontreqpreauth": false, "pwdneverexpires": true, "sensitive": false, "serviceprincipalnames": [], "hasspn": false, "displayname": "Stephanie Hickson", "email": null, "title": null, "homedirectory": null, "description": null, "userpassword": null, "admincount": false, "sidhistory": [], "whencreated": 1578878667, "unixpassword": null, "unicodepassword": null, "logonscript": "MapDataDrive.vbs", "samaccountname": "s.hickson", "sfupassword": null}, "Aces": [{"RightName": "Owns", "IsInherited": false, "PrincipalSID": "S-1-5-21-3332504370-1206983947-1165150453-512", "PrincipalType": "Group"}, {"RightName": "GenericAll", "IsInherited": false, "PrincipalSID": "S-1-5-21-3332504370-1206983947-1165150453-512", "PrincipalType": "Group"}, {"RightName": "GenericAll", "IsInherited": false, "PrincipalSID": "CASCADE.LOCAL-S-1-5-32-548", "PrincipalType": "Group"}, {"RightName": "GenericAll", "IsInherited": true, "PrincipalSID": "S-1-5-21-3332504370-1206983947-1165150453-519", "PrincipalType": "Group"}, {"RightName": "GenericWrite", "IsInherited": true, "PrincipalSID": "CASCADE.LOCAL-S-1-5-32-544", "PrincipalType": "Group"}, {"RightName": "WriteOwner", "IsInherited": true, "PrincipalSID": "CASCADE.LOCAL-S-1-5-32-544", "PrincipalType": "Group"}, {"RightName": "AllExtendedRights", "IsInherited": true, "PrincipalSID": "CASCADE.LOCAL-S-1-5-32-544", "PrincipalType": "Group"}, {"RightName": "WriteDacl", "IsInherited": true, "PrincipalSID": "CASCADE.LOCAL-S-1-5-32-544", "PrincipalType": "Group"}], "SPNTargets": [], "HasSIDHistory": [], "IsDeleted": false, "IsACLProtected": false},{"AllowedToDelegate": [], "ObjectIdentifier": "S-1-5-21-3332504370-1206983947-1165150453-1116", "PrimaryGroupSID": "S-1-5-21-3332504370-1206983947-1165150453-513", "Properties": {"name": "J.WAKEFIELD@CASCADE.LOCAL", "domain": "CASCADE.LOCAL", "domainsid": "S-1-5-21-3332504370-1206983947-1165150453", "distinguishedname": "CN=JAMES WAKEFIELD,OU=USERS,OU=UK,DC=CASCADE,DC=LOCAL", "unconstraineddelegation": false, "trustedtoauth": false, "passwordnotreqd": false, "enabled": true, "lastlogon": 0, "lastlogontimestamp": -1, "pwdlastset": 1578602084, "dontreqpreauth": false, "pwdneverexpires": true, "sensitive": false, "serviceprincipalnames": [], "hasspn": false, "displayname": "James Wakefield", "email": null, "title": null, "homedirectory": null, "description": null, "userpassword": null, "admincount": false, "sidhistory": [], "whencreated": 1578602084, "unixpassword": null, "unicodepassword": null, "logonscript": "MapDataDrive.vbs", "samaccountname": "j.wakefield", "sfupassword": null}, "Aces": [{"RightName": "Owns", "IsInherited": false, "PrincipalSID": "S-1-5-21-3332504370-1206983947-1165150453-512", "PrincipalType": "Group"}, {"RightName": "GenericAll", "IsInherited": false, "PrincipalSID": "S-1-5-21-3332504370-1206983947-1165150453-512", "PrincipalType": "Group"}, {"RightName": "GenericAll", "IsInherited": false, "PrincipalSID": "CASCADE.LOCAL-S-1-5-32-548", "PrincipalType": "Group"}, {"RightName": "GenericAll", "IsInherited": true, "PrincipalSID": "S-1-5-21-3332504370-1206983947-1165150453-519", "PrincipalType": "Group"}, {"RightName": "GenericWrite", "IsInherited": true, "PrincipalSID": "CASCADE.LOCAL-S-1-5-32-544", "PrincipalType": "Group"}, {"RightName": "WriteOwner", "IsInherited": true, "PrincipalSID": "CASCADE.LOCAL-S-1-5-32-544", "PrincipalType": "Group"}, {"RightName": "AllExtendedRights", "IsInherited": true, "PrincipalSID": "CASCADE.LOCAL-S-1-5-32-544", "PrincipalType": "Group"}, {"RightName": "WriteDacl", "IsInherited": true, "PrincipalSID": "CASCADE.LOCAL-S-1-5-32-544", "PrincipalType": "Group"}], "SPNTargets": [], "HasSIDHistory": [], "IsDeleted": false, "IsACLProtected": false},{"AllowedToDelegate": [], "ObjectIdentifier": "S-1-5-21-3332504370-1206983947-1165150453-1124", "PrimaryGroupSID": "S-1-5-21-3332504370-1206983947-1165150453-513", "Properties": {"name": "A.TURNBULL@CASCADE.LOCAL", "domain": "CASCADE.LOCAL", "domainsid": "S-1-5-21-3332504370-1206983947-1165150453", "distinguishedname": "CN=ADRIAN TURNBULL,OU=USERS,OU=UK,DC=CASCADE,DC=LOCAL", "unconstraineddelegation": false, "trustedtoauth": false, "passwordnotreqd": true, "enabled": true, "lastlogon": 0, "lastlogontimestamp": -1, "pwdlastset": 1578879793, "dontreqpreauth": false, "pwdneverexpires": true, "sensitive": false, "serviceprincipalnames": [], "hasspn": false, "displayname": "Adrian Turnbull", "email": null, "title": null, "homedirectory": null, "description": null, "userpassword": null, "admincount": false, "sidhistory": [], "whencreated": 1578879793, "unixpassword": null, "unicodepassword": null, "logonscript": null, "samaccountname": "a.turnbull", "sfupassword": null}, "Aces": [{"RightName": "Owns", "IsInherited": false, "PrincipalSID": "S-1-5-21-3332504370-1206983947-1165150453-512", "PrincipalType": "Group"}, {"RightName": "GenericAll", "IsInherited": false, "PrincipalSID": "S-1-5-21-3332504370-1206983947-1165150453-512", "PrincipalType": "Group"}, {"RightName": "GenericAll", "IsInherited": false, "PrincipalSID": "CASCADE.LOCAL-S-1-5-32-548", "PrincipalType": "Group"}, {"RightName": "GenericAll", "IsInherited": true, "PrincipalSID": "S-1-5-21-3332504370-1206983947-1165150453-519", "PrincipalType": "Group"}, {"RightName": "GenericWrite", "IsInherited": true, "PrincipalSID": "CASCADE.LOCAL-S-1-5-32-544", "PrincipalType": "Group"}, {"RightName": "WriteOwner", "IsInherited": true, "PrincipalSID": "CASCADE.LOCAL-S-1-5-32-544", "PrincipalType": "Group"}, {"RightName": "AllExtendedRights", "IsInherited": true, "PrincipalSID": "CASCADE.LOCAL-S-1-5-32-544", "PrincipalType": "Group"}, {"RightName": "WriteDacl", "IsInherited": true, "PrincipalSID": "CASCADE.LOCAL-S-1-5-32-544", "PrincipalType": "Group"}], "SPNTargets": [], "HasSIDHistory": [], "IsDeleted": false, "IsACLProtected": false},{"AllowedToDelegate": [], "ObjectIdentifier": "S-1-5-21-3332504370-1206983947-1165150453-1109", "PrimaryGroupSID": "S-1-5-21-3332504370-1206983947-1165150453-513", "Properties": {"name": "R.THOMPSON@CASCADE.LOCAL", "domain": "CASCADE.LOCAL", "domainsid": "S-1-5-21-3332504370-1206983947-1165150453", "distinguishedname": "CN=RYAN THOMPSON,OU=USERS,OU=UK,DC=CASCADE,DC=LOCAL", "unconstraineddelegation": false, "trustedtoauth": false, "passwordnotreqd": false, "enabled": true, "lastlogon": 1668751553, "lastlogontimestamp": 1668751553, "pwdlastset": 1578598286, "dontreqpreauth": false, "pwdneverexpires": true, "sensitive": false, "serviceprincipalnames": [], "hasspn": false, "displayname": "Ryan Thompson", "email": null, "title": null, "homedirectory": null, "description": null, "userpassword": null, "admincount": false, "sidhistory": [], "whencreated": 1578598286, "unixpassword": null, "unicodepassword": null, "logonscript": null, "samaccountname": "r.thompson", "sfupassword": null}, "Aces": [{"RightName": "Owns", "IsInherited": false, "PrincipalSID": "S-1-5-21-3332504370-1206983947-1165150453-512", "PrincipalType": "Group"}, {"RightName": "GenericAll", "IsInherited": false, "PrincipalSID": "S-1-5-21-3332504370-1206983947-1165150453-512", "PrincipalType": "Group"}, {"RightName": "GenericAll", "IsInherited": false, "PrincipalSID": "CASCADE.LOCAL-S-1-5-32-548", "PrincipalType": "Group"}, {"RightName": "GenericAll", "IsInherited": true, "PrincipalSID": "S-1-5-21-3332504370-1206983947-1165150453-519", "PrincipalType": "Group"}, {"RightName": "GenericWrite", "IsInherited": true, "PrincipalSID": "CASCADE.LOCAL-S-1-5-32-544", "PrincipalType": "Group"}, {"RightName": "WriteOwner", "IsInherited": true, "PrincipalSID": "CASCADE.LOCAL-S-1-5-32-544", "PrincipalType": "Group"}, {"RightName": "AllExtendedRights", "IsInherited": true, "PrincipalSID": "CASCADE.LOCAL-S-1-5-32-544", "PrincipalType": "Group"}, {"RightName": "WriteDacl", "IsInherited": true, "PrincipalSID": "CASCADE.LOCAL-S-1-5-32-544", "PrincipalType": "Group"}], "SPNTargets": [], "HasSIDHistory": [], "IsDeleted": false, "IsACLProtected": false},{"AllowedToDelegate": [], "ObjectIdentifier": "S-1-5-21-3332504370-1206983947-1165150453-1107", "PrimaryGroupSID": "S-1-5-21-3332504370-1206983947-1165150453-513", "Properties": {"name": "S.SMITH@CASCADE.LOCAL", "domain": "CASCADE.LOCAL", "domainsid": "S-1-5-21-3332504370-1206983947-1165150453", "distinguishedname": "CN=STEVE SMITH,OU=USERS,OU=UK,DC=CASCADE,DC=LOCAL", "unconstraineddelegation": false, "trustedtoauth": false, "passwordnotreqd": false, "enabled": true, "lastlogon": 1668753576, "lastlogontimestamp": 1668748811, "pwdlastset": 1580241485, "dontreqpreauth": false, "pwdneverexpires": true, "sensitive": false, "serviceprincipalnames": [], "hasspn": false, "displayname": "Steve Smith", "email": null, "title": null, "homedirectory": null, "description": null, "userpassword": null, "admincount": false, "sidhistory": [], "whencreated": 1578593293, "unixpassword": null, "unicodepassword": null, "logonscript": "MapAuditDrive.vbs", "samaccountname": "s.smith", "sfupassword": null}, "Aces": [{"RightName": "Owns", "IsInherited": false, "PrincipalSID": "S-1-5-21-3332504370-1206983947-1165150453-512", "PrincipalType": "Group"}, {"RightName": "GenericAll", "IsInherited": false, "PrincipalSID": "S-1-5-21-3332504370-1206983947-1165150453-512", "PrincipalType": "Group"}, {"RightName": "GenericAll", "IsInherited": false, "PrincipalSID": "CASCADE.LOCAL-S-1-5-32-548", "PrincipalType": "Group"}, {"RightName": "GenericAll", "IsInherited": true, "PrincipalSID": "S-1-5-21-3332504370-1206983947-1165150453-519", "PrincipalType": "Group"}, {"RightName": "GenericWrite", "IsInherited": true, "PrincipalSID": "CASCADE.LOCAL-S-1-5-32-544", "PrincipalType": "Group"}, {"RightName": "WriteOwner", "IsInherited": true, "PrincipalSID": "CASCADE.LOCAL-S-1-5-32-544", "PrincipalType": "Group"}, {"RightName": "AllExtendedRights", "IsInherited": true, "PrincipalSID": "CASCADE.LOCAL-S-1-5-32-544", "PrincipalType": "Group"}, {"RightName": "WriteDacl", "IsInherited": true, "PrincipalSID": "CASCADE.LOCAL-S-1-5-32-544", "PrincipalType": "Group"}], "SPNTargets": [], "HasSIDHistory": [], "IsDeleted": false, "IsACLProtected": false},{"AllowedToDelegate": [], "ObjectIdentifier": "S-1-5-21-3332504370-1206983947-1165150453-1106", "PrimaryGroupSID": "S-1-5-21-3332504370-1206983947-1165150453-513", "Properties": {"name": "ARKSVC@CASCADE.LOCAL", "domain": "CASCADE.LOCAL", "domainsid": "S-1-5-21-3332504370-1206983947-1165150453", "distinguishedname": "CN=ARKSVC,OU=SERVICES,OU=USERS,OU=UK,DC=CASCADE,DC=LOCAL", "unconstraineddelegation": false, "trustedtoauth": false, "passwordnotreqd": false, "enabled": true, "lastlogon": 1668750939, "lastlogontimestamp": 1668748851, "pwdlastset": 1578586700, "dontreqpreauth": false, "pwdneverexpires": true, "sensitive": false, "serviceprincipalnames": [], "hasspn": false, "displayname": "ArkSvc", "email": null, "title": null, "homedirectory": null, "description": null, "userpassword": null, "admincount": false, "sidhistory": [], "whencreated": 1578586700, "unixpassword": null, "unicodepassword": null, "logonscript": null, "samaccountname": "arksvc", "sfupassword": null}, "Aces": [{"RightName": "Owns", "IsInherited": false, "PrincipalSID": "S-1-5-21-3332504370-1206983947-1165150453-512", "PrincipalType": "Group"}, {"RightName": "GenericAll", "IsInherited": false, "PrincipalSID": "S-1-5-21-3332504370-1206983947-1165150453-512", "PrincipalType": "Group"}, {"RightName": "GenericAll", "IsInherited": false, "PrincipalSID": "CASCADE.LOCAL-S-1-5-32-548", "PrincipalType": "Group"}, {"RightName": "GenericAll", "IsInherited": true, "PrincipalSID": "S-1-5-21-3332504370-1206983947-1165150453-519", "PrincipalType": "Group"}, {"RightName": "GenericWrite", "IsInherited": true, "PrincipalSID": "CASCADE.LOCAL-S-1-5-32-544", "PrincipalType": "Group"}, {"RightName": "WriteOwner", "IsInherited": true, "PrincipalSID": "CASCADE.LOCAL-S-1-5-32-544", "PrincipalType": "Group"}, {"RightName": "AllExtendedRights", "IsInherited": true, "PrincipalSID": "CASCADE.LOCAL-S-1-5-32-544", "PrincipalType": "Group"}, {"RightName": "WriteDacl", "IsInherited": true, "PrincipalSID": "CASCADE.LOCAL-S-1-5-32-544", "PrincipalType": "Group"}], "SPNTargets": [], "HasSIDHistory": [], "IsDeleted": false, "IsACLProtected": false},{"AllowedToDelegate": [], "ObjectIdentifier": "S-1-5-21-3332504370-1206983947-1165150453-502", "PrimaryGroupSID": "S-1-5-21-3332504370-1206983947-1165150453-513", "Properties": {"name": "KRBTGT@CASCADE.LOCAL", "domain": "CASCADE.LOCAL", "domainsid": "S-1-5-21-3332504370-1206983947-1165150453", "distinguishedname": "CN=KRBTGT,CN=USERS,DC=CASCADE,DC=LOCAL", "unconstraineddelegation": false, "trustedtoauth": false, "passwordnotreqd": false, "enabled": false, "lastlogon": 0, "lastlogontimestamp": -1, "pwdlastset": 1578583935, "dontreqpreauth": false, "pwdneverexpires": false, "sensitive": false, "serviceprincipalnames": ["kadmin/changepw"], "hasspn": true, "displayname": null, "email": null, "title": null, "homedirectory": null, "description": "Key Distribution Center Service Account", "userpassword": null, "admincount": true, "sidhistory": [], "whencreated": 1578583935, "unixpassword": null, "unicodepassword": null, "logonscript": null, "samaccountname": "krbtgt", "sfupassword": null}, "Aces": [{"RightName": "Owns", "IsInherited": false, "PrincipalSID": "S-1-5-21-3332504370-1206983947-1165150453-512", "PrincipalType": "Group"}, {"RightName": "GenericWrite", "IsInherited": false, "PrincipalSID": "S-1-5-21-3332504370-1206983947-1165150453-512", "PrincipalType": "Group"}, {"RightName": "WriteOwner", "IsInherited": false, "PrincipalSID": "S-1-5-21-3332504370-1206983947-1165150453-512", "PrincipalType": "Group"}, {"RightName": "AllExtendedRights", "IsInherited": false, "PrincipalSID": "S-1-5-21-3332504370-1206983947-1165150453-512", "PrincipalType": "Group"}, {"RightName": "WriteDacl", "IsInherited": false, "PrincipalSID": "S-1-5-21-3332504370-1206983947-1165150453-512", "PrincipalType": "Group"}, {"RightName": "GenericWrite", "IsInherited": false, "PrincipalSID": "S-1-5-21-3332504370-1206983947-1165150453-519", "PrincipalType": "Group"}, {"RightName": "WriteOwner", "IsInherited": false, "PrincipalSID": "S-1-5-21-3332504370-1206983947-1165150453-519", "PrincipalType": "Group"}, {"RightName": "AllExtendedRights", "IsInherited": false, "PrincipalSID": "S-1-5-21-3332504370-1206983947-1165150453-519", "PrincipalType": "Group"}, {"RightName": "WriteDacl", "IsInherited": false, "PrincipalSID": "S-1-5-21-3332504370-1206983947-1165150453-519", "PrincipalType": "Group"}, {"RightName": "GenericWrite", "IsInherited": false, "PrincipalSID": "CASCADE.LOCAL-S-1-5-32-544", "PrincipalType": "Group"}, {"RightName": "WriteOwner", "IsInherited": false, "PrincipalSID": "CASCADE.LOCAL-S-1-5-32-544", "PrincipalType": "Group"}, {"RightName": "AllExtendedRights", "IsInherited": false, "PrincipalSID": "CASCADE.LOCAL-S-1-5-32-544", "PrincipalType": "Group"}, {"RightName": "WriteDacl", "IsInherited": false, "PrincipalSID": "CASCADE.LOCAL-S-1-5-32-544", "PrincipalType": "Group"}], "SPNTargets": [], "HasSIDHistory": [], "IsDeleted": false, "IsACLProtected": true},{"AllowedToDelegate": [], "ObjectIdentifier": "S-1-5-21-3332504370-1206983947-1165150453-501", "PrimaryGroupSID": "S-1-5-21-3332504370-1206983947-1165150453-514", "Properties": {"name": "CASCGUEST@CASCADE.LOCAL", "domain": "CASCADE.LOCAL", "domainsid": "S-1-5-21-3332504370-1206983947-1165150453", "distinguishedname": "CN=CASCGUEST,CN=USERS,DC=CASCADE,DC=LOCAL", "unconstraineddelegation": false, "trustedtoauth": false, "passwordnotreqd": true, "enabled": false, "lastlogon": 0, "lastlogontimestamp": 1578596464, "pwdlastset": 0, "dontreqpreauth": false, "pwdneverexpires": true, "sensitive": false, "serviceprincipalnames": [], "hasspn": false, "displayname": null, "email": null, "title": null, "homedirectory": null, "description": "Built-in account for guest access to the computer/domain", "userpassword": null, "admincount": false, "sidhistory": [], "whencreated": 1578583900, "unixpassword": null, "unicodepassword": null, "logonscript": null, "samaccountname": "CascGuest", "sfupassword": null}, "Aces": [{"RightName": "Owns", "IsInherited": false, "PrincipalSID": "CASCADE.LOCAL-S-1-5-32-544", "PrincipalType": "Group"}, {"RightName": "GenericAll", "IsInherited": false, "PrincipalSID": "CASCADE.LOCAL-S-1-5-32-544", "PrincipalType": "Group"}, {"RightName": "GenericAll", "IsInherited": false, "PrincipalSID": "CASCADE.LOCAL-S-1-5-32-548", "PrincipalType": "Group"}, {"RightName": "GenericAll", "IsInherited": true, "PrincipalSID": "S-1-5-21-3332504370-1206983947-1165150453-519", "PrincipalType": "Group"}, {"RightName": "GenericWrite", "IsInherited": true, "PrincipalSID": "CASCADE.LOCAL-S-1-5-32-544", "PrincipalType": "Group"}, {"RightName": "WriteOwner", "IsInherited": true, "PrincipalSID": "CASCADE.LOCAL-S-1-5-32-544", "PrincipalType": "Group"}, {"RightName": "AllExtendedRights", "IsInherited": true, "PrincipalSID": "CASCADE.LOCAL-S-1-5-32-544", "PrincipalType": "Group"}, {"RightName": "WriteDacl", "IsInherited": true, "PrincipalSID": "CASCADE.LOCAL-S-1-5-32-544", "PrincipalType": "Group"}], "SPNTargets": [], "HasSIDHistory": [], "IsDeleted": false, "IsACLProtected": false},{"AllowedToDelegate": [], "ObjectIdentifier": "S-1-5-21-3332504370-1206983947-1165150453-500", "PrimaryGroupSID": "S-1-5-21-3332504370-1206983947-1165150453-513", "Properties": {"name": "ADMINISTRATOR@CASCADE.LOCAL", "domain": "CASCADE.LOCAL", "domainsid": "S-1-5-21-3332504370-1206983947-1165150453", "distinguishedname": "CN=ADMINISTRATOR,CN=USERS,DC=CASCADE,DC=LOCAL", "unconstraineddelegation": false, "trustedtoauth": false, "passwordnotreqd": false, "enabled": true, "lastlogon": 1668747284, "lastlogontimestamp": 1668747259, "pwdlastset": 1584952781, "dontreqpreauth": false, "pwdneverexpires": false, "sensitive": false, "serviceprincipalnames": [], "hasspn": false, "displayname": null, "email": null, "title": null, "homedirectory": null, "description": "Built-in account for administering the computer/domain", "userpassword": null, "admincount": true, "sidhistory": [], "whencreated": 1578583899, "unixpassword": null, "unicodepassword": null, "logonscript": null, "samaccountname": "administrator", "sfupassword": null}, "Aces": [{"RightName": "Owns", "IsInherited": false, "PrincipalSID": "S-1-5-21-3332504370-1206983947-1165150453-512", "PrincipalType": "Group"}, {"RightName": "GenericWrite", "IsInherited": false, "PrincipalSID": "S-1-5-21-3332504370-1206983947-1165150453-512", "PrincipalType": "Group"}, {"RightName": "WriteOwner", "IsInherited": false, "PrincipalSID": "S-1-5-21-3332504370-1206983947-1165150453-512", "PrincipalType": "Group"}, {"RightName": "AllExtendedRights", "IsInherited": false, "PrincipalSID": "S-1-5-21-3332504370-1206983947-1165150453-512", "PrincipalType": "Group"}, {"RightName": "WriteDacl", "IsInherited": false, "PrincipalSID": "S-1-5-21-3332504370-1206983947-1165150453-512", "PrincipalType": "Group"}, {"RightName": "GenericWrite", "IsInherited": false, "PrincipalSID": "S-1-5-21-3332504370-1206983947-1165150453-519", "PrincipalType": "Group"}, {"RightName": "WriteOwner", "IsInherited": false, "PrincipalSID": "S-1-5-21-3332504370-1206983947-1165150453-519", "PrincipalType": "Group"}, {"RightName": "AllExtendedRights", "IsInherited": false, "PrincipalSID": "S-1-5-21-3332504370-1206983947-1165150453-519", "PrincipalType": "Group"}, {"RightName": "WriteDacl", "IsInherited": false, "PrincipalSID": "S-1-5-21-3332504370-1206983947-1165150453-519", "PrincipalType": "Group"}, {"RightName": "GenericWrite", "IsInherited": false, "PrincipalSID": "CASCADE.LOCAL-S-1-5-32-544", "PrincipalType": "Group"}, {"RightName": "WriteOwner", "IsInherited": false, "PrincipalSID": "CASCADE.LOCAL-S-1-5-32-544", "PrincipalType": "Group"}, {"RightName": "AllExtendedRights", "IsInherited": false, "PrincipalSID": "CASCADE.LOCAL-S-1-5-32-544", "PrincipalType": "Group"}, {"RightName": "WriteDacl", "IsInherited": false, "PrincipalSID": "CASCADE.LOCAL-S-1-5-32-544", "PrincipalType": "Group"}], "SPNTargets": [], "HasSIDHistory": [], "IsDeleted": false, "IsACLProtected": true},{"AllowedToDelegate": [], "ObjectIdentifier": "S-1-5-21-3332504370-1206983947-1165150453-1111", "PrimaryGroupSID": "S-1-5-21-3332504370-1206983947-1165150453-513", "Properties": {"name": "UTIL@CASCADE.LOCAL", "domain": "CASCADE.LOCAL", "domainsid": "S-1-5-21-3332504370-1206983947-1165150453", "distinguishedname": "CN=UTIL,OU=SERVICES,OU=USERS,OU=UK,DC=CASCADE,DC=LOCAL", "unconstraineddelegation": false, "trustedtoauth": false, "passwordnotreqd": false, "enabled": true, "lastlogon": 1580234987, "lastlogontimestamp": 1580234987, "pwdlastset": 1578881231, "dontreqpreauth": false, "pwdneverexpires": true, "sensitive": false, "serviceprincipalnames": [], "hasspn": false, "displayname": "Util", "email": null, "title": null, "homedirectory": null, "description": null, "userpassword": null, "admincount": false, "sidhistory": [], "whencreated": 1578599121, "unixpassword": null, "unicodepassword": null, "logonscript": null, "samaccountname": "util", "sfupassword": null}, "Aces": [{"RightName": "Owns", "IsInherited": false, "PrincipalSID": "S-1-5-21-3332504370-1206983947-1165150453-512", "PrincipalType": "Group"}, {"RightName": "GenericAll", "IsInherited": false, "PrincipalSID": "S-1-5-21-3332504370-1206983947-1165150453-512", "PrincipalType": "Group"}, {"RightName": "GenericAll", "IsInherited": false, "PrincipalSID": "CASCADE.LOCAL-S-1-5-32-548", "PrincipalType": "Group"}, {"RightName": "GenericAll", "IsInherited": true, "PrincipalSID": "S-1-5-21-3332504370-1206983947-1165150453-519", "PrincipalType": "Group"}, {"RightName": "GenericWrite", "IsInherited": true, "PrincipalSID": "CASCADE.LOCAL-S-1-5-32-544", "PrincipalType": "Group"}, {"RightName": "WriteOwner", "IsInherited": true, "PrincipalSID": "CASCADE.LOCAL-S-1-5-32-544", "PrincipalType": "Group"}, {"RightName": "AllExtendedRights", "IsInherited": true, "PrincipalSID": "CASCADE.LOCAL-S-1-5-32-544", "PrincipalType": "Group"}, {"RightName": "WriteDacl", "IsInherited": true, "PrincipalSID": "CASCADE.LOCAL-S-1-5-32-544", "PrincipalType": "Group"}], "SPNTargets": [], "HasSIDHistory": [], "IsDeleted": false, "IsACLProtected": false}],"meta":{"methods":0,"type":"users","count":18, "version":5}}