{"data":[{"ObjectIdentifier": "S-1-5-21-3332504370-1206983947-1165150453-1137", "Properties": {"domain": "CASCADE.LOCAL", "domainsid": "S-1-5-21-3332504370-1206983947-1165150453", "highvalue": false, "name": "AUDIT SHARE@CASCADE.LOCAL", "distinguishedname": "CN=AUDIT SHARE,OU=GROUPS,OU=UK,DC=CASCADE,DC=LOCAL", "admincount": false, "description": "\\\\Casc-DC1\\Audit$", "whencreated": 1580244100}, "Members": [{"ObjectIdentifier": "S-1-5-21-3332504370-1206983947-1165150453-1107", "ObjectType": "User"}], "Aces": [{"RightName": "Owns", "IsInherited": false, "PrincipalSID": "S-1-5-21-3332504370-1206983947-1165150453-512", "PrincipalType": "Group"}, {"RightName": "GenericAll", "IsInherited": false, "PrincipalSID": "S-1-5-21-3332504370-1206983947-1165150453-512", "PrincipalType": "Group"}, {"RightName": "GenericAll", "IsInherited": false, "PrincipalSID": "CASCADE.LOCAL-S-1-5-32-548", "PrincipalType": "Group"}, {"RightName": "GenericAll", "IsInherited": true, "PrincipalSID": "S-1-5-21-3332504370-1206983947-1165150453-519", "PrincipalType": "Group"}, {"RightName": "GenericWrite", "IsInherited": true, "PrincipalSID": "CASCADE.LOCAL-S-1-5-32-544", "PrincipalType": "Group"}, {"RightName": "WriteOwner", "IsInherited": true, "PrincipalSID": "CASCADE.LOCAL-S-1-5-32-544", "PrincipalType": "Group"}, {"RightName": "WriteDacl", "IsInherited": true, "PrincipalSID": "CASCADE.LOCAL-S-1-5-32-544", "PrincipalType": "Group"}], "IsDeleted": false, "IsACLProtected": false},{"ObjectIdentifier": "S-1-5-21-3332504370-1206983947-1165150453-1138", "Properties": {"domain": "CASCADE.LOCAL", "domainsid": "S-1-5-21-3332504370-1206983947-1165150453", "highvalue": false, "name": "DATA SHARE@CASCADE.LOCAL", "distinguishedname": "CN=DATA SHARE,OU=GROUPS,OU=UK,DC=CASCADE,DC=LOCAL", "admincount": false, "description": "\\\\Casc-DC1\\Data", "whencreated": 1580244110}, "Members": [{"ObjectIdentifier": "S-1-5-21-3332504370-1206983947-1165150453-513", "ObjectType": "Group"}], "Aces": [{"RightName": "Owns", "IsInherited": false, "PrincipalSID": "S-1-5-21-3332504370-1206983947-1165150453-512", "PrincipalType": "Group"}, {"RightName": "GenericAll", "IsInherited": false, "PrincipalSID": "S-1-5-21-3332504370-1206983947-1165150453-512", "PrincipalType": "Group"}, {"RightName": "GenericAll", "IsInherited": false, "PrincipalSID": "CASCADE.LOCAL-S-1-5-32-548", "PrincipalType": "Group"}, {"RightName": "GenericAll", "IsInherited": true, "PrincipalSID": "S-1-5-21-3332504370-1206983947-1165150453-519", "PrincipalType": "Group"}, {"RightName": "GenericWrite", "IsInherited": true, "PrincipalSID": "CASCADE.LOCAL-S-1-5-32-544", "PrincipalType": "Group"}, {"RightName": "WriteOwner", "IsInherited": true, "PrincipalSID": "CASCADE.LOCAL-S-1-5-32-544", "PrincipalType": "Group"}, {"RightName": "WriteDacl", "IsInherited": true, "PrincipalSID": "CASCADE.LOCAL-S-1-5-32-544", "PrincipalType": "Group"}], "IsDeleted": false, "IsACLProtected": false},{"ObjectIdentifier": "S-1-5-21-3332504370-1206983947-1165150453-1133", "Properties": {"domain": "CASCADE.LOCAL", "domainsid": "S-1-5-21-3332504370-1206983947-1165150453", "highvalue": false, "name": "FINANCE@CASCADE.LOCAL", "distinguishedname": "CN=FINANCE,OU=GROUPS,OU=UK,DC=CASCADE,DC=LOCAL", "admincount": false, "description": null, "whencreated": 1578936191}, "Members": [], "Aces": [{"RightName": "Owns", "IsInherited": false, "PrincipalSID": "S-1-5-21-3332504370-1206983947-1165150453-512", "PrincipalType": "Group"}, {"RightName": "GenericAll", "IsInherited": false, "PrincipalSID": "S-1-5-21-3332504370-1206983947-1165150453-512", "PrincipalType": "Group"}, {"RightName": "GenericAll", "IsInherited": false, "PrincipalSID": "CASCADE.LOCAL-S-1-5-32-548", "PrincipalType": "Group"}, {"RightName": "GenericAll", "IsInherited": true, "PrincipalSID": "S-1-5-21-3332504370-1206983947-1165150453-519", "PrincipalType": "Group"}, {"RightName": "GenericWrite", "IsInherited": true, "PrincipalSID": "CASCADE.LOCAL-S-1-5-32-544", "PrincipalType": "Group"}, {"RightName": "WriteOwner", "IsInherited": true, "PrincipalSID": "CASCADE.LOCAL-S-1-5-32-544", "PrincipalType": "Group"}, {"RightName": "WriteDacl", "IsInherited": true, "PrincipalSID": "CASCADE.LOCAL-S-1-5-32-544", "PrincipalType": "Group"}], "IsDeleted": false, "IsACLProtected": false},{"ObjectIdentifier": "S-1-5-21-3332504370-1206983947-1165150453-1132", "Properties": {"domain": "CASCADE.LOCAL", "domainsid": "S-1-5-21-3332504370-1206983947-1165150453", "highvalue": false, "name": "FACTORY@CASCADE.LOCAL", "distinguishedname": "CN=FACTORY,OU=GROUPS,OU=UK,DC=CASCADE,DC=LOCAL", "admincount": false, "description": null, "whencreated": 1578936176}, "Members": [], "Aces": [{"RightName": "Owns", "IsInherited": false, "PrincipalSID": "S-1-5-21-3332504370-1206983947-1165150453-512", "PrincipalType": "Group"}, {"RightName": "GenericAll", "IsInherited": false, "PrincipalSID": "S-1-5-21-3332504370-1206983947-1165150453-512", "PrincipalType": "Group"}, {"RightName": "GenericAll", "IsInherited": false, "PrincipalSID": "CASCADE.LOCAL-S-1-5-32-548", "PrincipalType": "Group"}, {"RightName": "GenericAll", "IsInherited": true, "PrincipalSID": "S-1-5-21-3332504370-1206983947-1165150453-519", "PrincipalType": "Group"}, {"RightName": "GenericWrite", "IsInherited": true, "PrincipalSID": "CASCADE.LOCAL-S-1-5-32-544", "PrincipalType": "Group"}, {"RightName": "WriteOwner", "IsInherited": true, "PrincipalSID": "CASCADE.LOCAL-S-1-5-32-544", "PrincipalType": "Group"}, {"RightName": "WriteDacl", "IsInherited": true, "PrincipalSID": "CASCADE.LOCAL-S-1-5-32-544", "PrincipalType": "Group"}], "IsDeleted": false, "IsACLProtected": false},{"ObjectIdentifier": "S-1-5-21-3332504370-1206983947-1165150453-1126", "Properties": {"domain": "CASCADE.LOCAL", "domainsid": "S-1-5-21-3332504370-1206983947-1165150453", "highvalue": false, "name": "REMOTE MANAGEMENT USERS@CASCADE.LOCAL", "distinguishedname": "CN=REMOTE MANAGEMENT USERS,OU=GROUPS,OU=UK,DC=CASCADE,DC=LOCAL", "admincount": false, "description": null, "whencreated": 1578886025}, "Members": [{"ObjectIdentifier": "S-1-5-21-3332504370-1206983947-1165150453-1107", "ObjectType": "User"}, {"ObjectIdentifier": "S-1-5-21-3332504370-1206983947-1165150453-1106", "ObjectType": "User"}], "Aces": [{"RightName": "Owns", "IsInherited": false, "PrincipalSID": "S-1-5-21-3332504370-1206983947-1165150453-512", "PrincipalType": "Group"}, {"RightName": "GenericAll", "IsInherited": false, "PrincipalSID": "S-1-5-21-3332504370-1206983947-1165150453-512", "PrincipalType": "Group"}, {"RightName": "GenericAll", "IsInherited": false, "PrincipalSID": "CASCADE.LOCAL-S-1-5-32-548", "PrincipalType": "Group"}, {"RightName": "GenericAll", "IsInherited": true, "PrincipalSID": "S-1-5-21-3332504370-1206983947-1165150453-519", "PrincipalType": "Group"}, {"RightName": "GenericWrite", "IsInherited": true, "PrincipalSID": "CASCADE.LOCAL-S-1-5-32-544", "PrincipalType": "Group"}, {"RightName": "WriteOwner", "IsInherited": true, "PrincipalSID": "CASCADE.LOCAL-S-1-5-32-544", "PrincipalType": "Group"}, {"RightName": "WriteDacl", "IsInherited": true, "PrincipalSID": "CASCADE.LOCAL-S-1-5-32-544", "PrincipalType": "Group"}], "IsDeleted": false, "IsACLProtected": false},{"ObjectIdentifier": "S-1-5-21-3332504370-1206983947-1165150453-1125", "Properties": {"domain": "CASCADE.LOCAL", "domainsid": "S-1-5-21-3332504370-1206983947-1165150453", "highvalue": false, "name": "WINRMREMOTEWMIUSERS__@CASCADE.LOCAL", "distinguishedname": "CN=WINRMREMOTEWMIUSERS__,CN=USERS,DC=CASCADE,DC=LOCAL", "admincount": false, "description": "Members of this group can access WMI resources over management protocols (such as WS-Management via the Windows Remote Management service). This applies only to WMI namespaces that grant access to the user.", "whencreated": 1578885684}, "Members": [], "Aces": [{"RightName": "GenericAll", "IsInherited": false, "PrincipalSID": "S-1-5-21-3332504370-1206983947-1165150453-512", "PrincipalType": "Group"}, {"RightName": "GenericAll", "IsInherited": false, "PrincipalSID": "CASCADE.LOCAL-S-1-5-32-548", "PrincipalType": "Group"}, {"RightName": "GenericAll", "IsInherited": true, "PrincipalSID": "S-1-5-21-3332504370-1206983947-1165150453-519", "PrincipalType": "Group"}, {"RightName": "GenericWrite", "IsInherited": true, "PrincipalSID": "CASCADE.LOCAL-S-1-5-32-544", "PrincipalType": "Group"}, {"RightName": "WriteOwner", "IsInherited": true, "PrincipalSID": "CASCADE.LOCAL-S-1-5-32-544", "PrincipalType": "Group"}, {"RightName": "WriteDacl", "IsInherited": true, "PrincipalSID": "CASCADE.LOCAL-S-1-5-32-544", "PrincipalType": "Group"}], "IsDeleted": false, "IsACLProtected": false},{"ObjectIdentifier": "S-1-5-21-3332504370-1206983947-1165150453-1123", "Properties": {"domain": "CASCADE.LOCAL", "domainsid": "S-1-5-21-3332504370-1206983947-1165150453", "highvalue": false, "name": "TEMPS@CASCADE.LOCAL", "distinguishedname": "CN=TEMPS,OU=GROUPS,OU=UK,DC=CASCADE,DC=LOCAL", "admincount": false, "description": null, "whencreated": 1578879748}, "Members": [], "Aces": [{"RightName": "Owns", "IsInherited": false, "PrincipalSID": "S-1-5-21-3332504370-1206983947-1165150453-512", "PrincipalType": "Group"}, {"RightName": "GenericAll", "IsInherited": false, "PrincipalSID": "S-1-5-21-3332504370-1206983947-1165150453-512", "PrincipalType": "Group"}, {"RightName": "GenericAll", "IsInherited": false, "PrincipalSID": "CASCADE.LOCAL-S-1-5-32-548", "PrincipalType": "Group"}, {"RightName": "GenericAll", "IsInherited": true, "PrincipalSID": "S-1-5-21-3332504370-1206983947-1165150453-519", "PrincipalType": "Group"}, {"RightName": "GenericWrite", "IsInherited": true, "PrincipalSID": "CASCADE.LOCAL-S-1-5-32-544", "PrincipalType": "Group"}, {"RightName": "WriteOwner", "IsInherited": true, "PrincipalSID": "CASCADE.LOCAL-S-1-5-32-544", "PrincipalType": "Group"}, {"RightName": "WriteDacl", "IsInherited": true, "PrincipalSID": "CASCADE.LOCAL-S-1-5-32-544", "PrincipalType": "Group"}], "IsDeleted": false, "IsACLProtected": false},{"ObjectIdentifier": "S-1-5-21-3332504370-1206983947-1165150453-1120", "Properties": {"domain": "CASCADE.LOCAL", "domainsid": "S-1-5-21-3332504370-1206983947-1165150453", "highvalue": false, "name": "BACKUP@CASCADE.LOCAL", "distinguishedname": "CN=BACKUP,OU=GROUPS,OU=UK,DC=CASCADE,DC=LOCAL", "admincount": false, "description": null, "whencreated": 1578878526}, "Members": [], "Aces": [{"RightName": "Owns", "IsInherited": false, "PrincipalSID": "S-1-5-21-3332504370-1206983947-1165150453-512", "PrincipalType": "Group"}, {"RightName": "GenericAll", "IsInherited": false, "PrincipalSID": "S-1-5-21-3332504370-1206983947-1165150453-512", "PrincipalType": "Group"}, {"RightName": "GenericAll", "IsInherited": false, "PrincipalSID": "CASCADE.LOCAL-S-1-5-32-548", "PrincipalType": "Group"}, {"RightName": "GenericAll", "IsInherited": true, "PrincipalSID": "S-1-5-21-3332504370-1206983947-1165150453-519", "PrincipalType": "Group"}, {"RightName": "GenericWrite", "IsInherited": true, "PrincipalSID": "CASCADE.LOCAL-S-1-5-32-544", "PrincipalType": "Group"}, {"RightName": "WriteOwner", "IsInherited": true, "PrincipalSID": "CASCADE.LOCAL-S-1-5-32-544", "PrincipalType": "Group"}, {"RightName": "WriteDacl", "IsInherited": true, "PrincipalSID": "CASCADE.LOCAL-S-1-5-32-544", "PrincipalType": "Group"}], "IsDeleted": false, "IsACLProtected": false},{"ObjectIdentifier": "S-1-5-21-3332504370-1206983947-1165150453-1119", "Properties": {"domain": "CASCADE.LOCAL", "domainsid": "S-1-5-21-3332504370-1206983947-1165150453", "highvalue": false, "name": "AD RECYCLE BIN@CASCADE.LOCAL", "distinguishedname": "CN=AD RECYCLE BIN,OU=GROUPS,OU=UK,DC=CASCADE,DC=LOCAL", "admincount": false, "description": null, "whencreated": 1578878310}, "Members": [{"ObjectIdentifier": "S-1-5-21-3332504370-1206983947-1165150453-1106", "ObjectType": "User"}], "Aces": [{"RightName": "Owns", "IsInherited": false, "PrincipalSID": "S-1-5-21-3332504370-1206983947-1165150453-512", "PrincipalType": "Group"}, {"RightName": "GenericAll", "IsInherited": false, "PrincipalSID": "S-1-5-21-3332504370-1206983947-1165150453-512", "PrincipalType": "Group"}, {"RightName": "GenericAll", "IsInherited": false, "PrincipalSID": "CASCADE.LOCAL-S-1-5-32-548", "PrincipalType": "Group"}, {"RightName": "GenericAll", "IsInherited": true, "PrincipalSID": "S-1-5-21-3332504370-1206983947-1165150453-519", "PrincipalType": "Group"}, {"RightName": "GenericWrite", "IsInherited": true, "PrincipalSID": "CASCADE.LOCAL-S-1-5-32-544", "PrincipalType": "Group"}, {"RightName": "WriteOwner", "IsInherited": true, "PrincipalSID": "CASCADE.LOCAL-S-1-5-32-544", "PrincipalType": "Group"}, {"RightName": "WriteDacl", "IsInherited": true, "PrincipalSID": "CASCADE.LOCAL-S-1-5-32-544", "PrincipalType": "Group"}], "IsDeleted": false, "IsACLProtected": false},{"ObjectIdentifier": "S-1-5-21-3332504370-1206983947-1165150453-1115", "Properties": {"domain": "CASCADE.LOCAL", "domainsid": "S-1-5-21-3332504370-1206983947-1165150453", "highvalue": false, "name": "HR@CASCADE.LOCAL", "distinguishedname": "CN=HR,OU=GROUPS,OU=UK,DC=CASCADE,DC=LOCAL", "admincount": false, "description": null, "whencreated": 1578602010}, "Members": [{"ObjectIdentifier": "S-1-5-21-3332504370-1206983947-1165150453-1121", "ObjectType": "User"}], "Aces": [{"RightName": "Owns", "IsInherited": false, "PrincipalSID": "S-1-5-21-3332504370-1206983947-1165150453-512", "PrincipalType": "Group"}, {"RightName": "GenericAll", "IsInherited": false, "PrincipalSID": "S-1-5-21-3332504370-1206983947-1165150453-512", "PrincipalType": "Group"}, {"RightName": "GenericAll", "IsInherited": false, "PrincipalSID": "CASCADE.LOCAL-S-1-5-32-548", "PrincipalType": "Group"}, {"RightName": "GenericAll", "IsInherited": true, "PrincipalSID": "S-1-5-21-3332504370-1206983947-1165150453-519", "PrincipalType": "Group"}, {"RightName": "GenericWrite", "IsInherited": true, "PrincipalSID": "CASCADE.LOCAL-S-1-5-32-544", "PrincipalType": "Group"}, {"RightName": "WriteOwner", "IsInherited": true, "PrincipalSID": "CASCADE.LOCAL-S-1-5-32-544", "PrincipalType": "Group"}, {"RightName": "WriteDacl", "IsInherited": true, "PrincipalSID": "CASCADE.LOCAL-S-1-5-32-544", "PrincipalType": "Group"}], "IsDeleted": false, "IsACLProtected": false},{"ObjectIdentifier": "S-1-5-21-3332504370-1206983947-1165150453-1114", "Properties": {"domain": "CASCADE.LOCAL", "domainsid": "S-1-5-21-3332504370-1206983947-1165150453", "highvalue": false, "name": "PRODUCTION@CASCADE.LOCAL", "distinguishedname": "CN=PRODUCTION,OU=GROUPS,OU=UK,DC=CASCADE,DC=LOCAL", "admincount": false, "description": null, "whencreated": 1578602002}, "Members": [], "Aces": [{"RightName": "Owns", "IsInherited": false, "PrincipalSID": "S-1-5-21-3332504370-1206983947-1165150453-512", "PrincipalType": "Group"}, {"RightName": "GenericAll", "IsInherited": false, "PrincipalSID": "S-1-5-21-3332504370-1206983947-1165150453-512", "PrincipalType": "Group"}, {"RightName": "GenericAll", "IsInherited": false, "PrincipalSID": "CASCADE.LOCAL-S-1-5-32-548", "PrincipalType": "Group"}, {"RightName": "GenericAll", "IsInherited": true, "PrincipalSID": "S-1-5-21-3332504370-1206983947-1165150453-519", "PrincipalType": "Group"}, {"RightName": "GenericWrite", "IsInherited": true, "PrincipalSID": "CASCADE.LOCAL-S-1-5-32-544", "PrincipalType": "Group"}, {"RightName": "WriteOwner", "IsInherited": true, "PrincipalSID": "CASCADE.LOCAL-S-1-5-32-544", "PrincipalType": "Group"}, {"RightName": "WriteDacl", "IsInherited": true, "PrincipalSID": "CASCADE.LOCAL-S-1-5-32-544", "PrincipalType": "Group"}], "IsDeleted": false, "IsACLProtected": false},{"ObjectIdentifier": "S-1-5-21-3332504370-1206983947-1165150453-1113", "Properties": {"domain": "CASCADE.LOCAL", "domainsid": "S-1-5-21-3332504370-1206983947-1165150453", "highvalue": false, "name": "IT@CASCADE.LOCAL", "distinguishedname": "CN=IT,OU=GROUPS,OU=UK,DC=CASCADE,DC=LOCAL", "admincount": false, "description": null, "whencreated": 1578601981}, "Members": [{"ObjectIdentifier": "S-1-5-21-3332504370-1206983947-1165150453-1109", "ObjectType": "User"}, {"ObjectIdentifier": "S-1-5-21-3332504370-1206983947-1165150453-1107", "ObjectType": "User"}, {"ObjectIdentifier": "S-1-5-21-3332504370-1206983947-1165150453-1106", "ObjectType": "User"}], "Aces": [{"RightName": "Owns", "IsInherited": false, "PrincipalSID": "S-1-5-21-3332504370-1206983947-1165150453-512", "PrincipalType": "Group"}, {"RightName": "GenericAll", "IsInherited": false, "PrincipalSID": "S-1-5-21-3332504370-1206983947-1165150453-512", "PrincipalType": "Group"}, {"RightName": "GenericAll", "IsInherited": false, "PrincipalSID": "CASCADE.LOCAL-S-1-5-32-548", "PrincipalType": "Group"}, {"RightName": "GenericAll", "IsInherited": true, "PrincipalSID": "S-1-5-21-3332504370-1206983947-1165150453-519", "PrincipalType": "Group"}, {"RightName": "GenericWrite", "IsInherited": true, "PrincipalSID": "CASCADE.LOCAL-S-1-5-32-544", "PrincipalType": "Group"}, {"RightName": "WriteOwner", "IsInherited": true, "PrincipalSID": "CASCADE.LOCAL-S-1-5-32-544", "PrincipalType": "Group"}, {"RightName": "WriteDacl", "IsInherited": true, "PrincipalSID": "CASCADE.LOCAL-S-1-5-32-544", "PrincipalType": "Group"}], "IsDeleted": false, "IsACLProtected": false},{"ObjectIdentifier": "S-1-5-21-3332504370-1206983947-1165150453-1103", "Properties": {"domain": "CASCADE.LOCAL", "domainsid": "S-1-5-21-3332504370-1206983947-1165150453", "highvalue": false, "name": "DNSUPDATEPROXY@CASCADE.LOCAL", "distinguishedname": "CN=DNSUPDATEPROXY,CN=USERS,DC=CASCADE,DC=LOCAL", "admincount": false, "description": "DNS clients who are permitted to perform dynamic updates on behalf of some other clients (such as DHCP servers).", "whencreated": 1578583975}, "Members": [], "Aces": [{"RightName": "GenericAll", "IsInherited": false, "PrincipalSID": "S-1-5-21-3332504370-1206983947-1165150453-512", "PrincipalType": "Group"}, {"RightName": "GenericAll", "IsInherited": false, "PrincipalSID": "CASCADE.LOCAL-S-1-5-32-548", "PrincipalType": "Group"}, {"RightName": "GenericAll", "IsInherited": true, "PrincipalSID": "S-1-5-21-3332504370-1206983947-1165150453-519", "PrincipalType": "Group"}, {"RightName": "GenericWrite", "IsInherited": true, "PrincipalSID": "CASCADE.LOCAL-S-1-5-32-544", "PrincipalType": "Group"}, {"RightName": "WriteOwner", "IsInherited": true, "PrincipalSID": "CASCADE.LOCAL-S-1-5-32-544", "PrincipalType": "Group"}, {"RightName": "WriteDacl", "IsInherited": true, "PrincipalSID": "CASCADE.LOCAL-S-1-5-32-544", "PrincipalType": "Group"}], "IsDeleted": false, "IsACLProtected": false},{"ObjectIdentifier": "S-1-5-21-3332504370-1206983947-1165150453-1102", "Properties": {"domain": "CASCADE.LOCAL", "domainsid": "S-1-5-21-3332504370-1206983947-1165150453", "highvalue": false, "name": "DNSADMINS@CASCADE.LOCAL", "distinguishedname": "CN=DNSADMINS,CN=USERS,DC=CASCADE,DC=LOCAL", "admincount": false, "description": "DNS Administrators Group", "whencreated": 1578583975}, "Members": [], "Aces": [{"RightName": "GenericAll", "IsInherited": false, "PrincipalSID": "S-1-5-21-3332504370-1206983947-1165150453-512", "PrincipalType": "Group"}, {"RightName": "GenericAll", "IsInherited": false, "PrincipalSID": "CASCADE.LOCAL-S-1-5-32-548", "PrincipalType": "Group"}, {"RightName": "GenericAll", "IsInherited": true, "PrincipalSID": "S-1-5-21-3332504370-1206983947-1165150453-519", "PrincipalType": "Group"}, {"RightName": "GenericWrite", "IsInherited": true, "PrincipalSID": "CASCADE.LOCAL-S-1-5-32-544", "PrincipalType": "Group"}, {"RightName": "WriteOwner", "IsInherited": true, "PrincipalSID": "CASCADE.LOCAL-S-1-5-32-544", "PrincipalType": "Group"}, {"RightName": "WriteDacl", "IsInherited": true, "PrincipalSID": "CASCADE.LOCAL-S-1-5-32-544", "PrincipalType": "Group"}], "IsDeleted": false, "IsACLProtected": false},{"ObjectIdentifier": "S-1-5-21-3332504370-1206983947-1165150453-498", "Properties": {"domain": "CASCADE.LOCAL", "domainsid": "S-1-5-21-3332504370-1206983947-1165150453", "highvalue": false, "name": "ENTERPRISE READ-ONLY DOMAIN CONTROLLERS@CASCADE.LOCAL", "distinguishedname": "CN=ENTERPRISE READ-ONLY DOMAIN CONTROLLERS,CN=USERS,DC=CASCADE,DC=LOCAL", "admincount": false, "description": "Members of this group are Read-Only Domain Controllers in the enterprise", "whencreated": 1578583936}, "Members": [], "Aces": [{"RightName": "Owns", "IsInherited": false, "PrincipalSID": "S-1-5-21-3332504370-1206983947-1165150453-512", "PrincipalType": "Group"}, {"RightName": "GenericAll", "IsInherited": false, "PrincipalSID": "S-1-5-21-3332504370-1206983947-1165150453-512", "PrincipalType": "Group"}, {"RightName": "GenericAll", "IsInherited": false, "PrincipalSID": "CASCADE.LOCAL-S-1-5-32-548", "PrincipalType": "Group"}, {"RightName": "GenericAll", "IsInherited": true, "PrincipalSID": "S-1-5-21-3332504370-1206983947-1165150453-519", "PrincipalType": "Group"}, {"RightName": "GenericWrite", "IsInherited": true, "PrincipalSID": "CASCADE.LOCAL-S-1-5-32-544", "PrincipalType": "Group"}, {"RightName": "WriteOwner", "IsInherited": true, "PrincipalSID": "CASCADE.LOCAL-S-1-5-32-544", "PrincipalType": "Group"}, {"RightName": "WriteDacl", "IsInherited": true, "PrincipalSID": "CASCADE.LOCAL-S-1-5-32-544", "PrincipalType": "Group"}], "IsDeleted": false, "IsACLProtected": false},{"ObjectIdentifier": "S-1-5-21-3332504370-1206983947-1165150453-521", "Properties": {"domain": "CASCADE.LOCAL", "domainsid": "S-1-5-21-3332504370-1206983947-1165150453", "highvalue": false, "name": "READ-ONLY DOMAIN CONTROLLERS@CASCADE.LOCAL", "distinguishedname": "CN=READ-ONLY DOMAIN CONTROLLERS,CN=USERS,DC=CASCADE,DC=LOCAL", "admincount": true, "description": "Members of this group are Read-Only Domain Controllers in the domain", "whencreated": 1578583936}, "Members": [], "Aces": [{"RightName": "Owns", "IsInherited": false, "PrincipalSID": "S-1-5-21-3332504370-1206983947-1165150453-512", "PrincipalType": "Group"}, {"RightName": "GenericWrite", "IsInherited": false, "PrincipalSID": "S-1-5-21-3332504370-1206983947-1165150453-512", "PrincipalType": "Group"}, {"RightName": "WriteOwner", "IsInherited": false, "PrincipalSID": "S-1-5-21-3332504370-1206983947-1165150453-512", "PrincipalType": "Group"}, {"RightName": "WriteDacl", "IsInherited": false, "PrincipalSID": "S-1-5-21-3332504370-1206983947-1165150453-512", "PrincipalType": "Group"}, {"RightName": "GenericWrite", "IsInherited": false, "PrincipalSID": "S-1-5-21-3332504370-1206983947-1165150453-519", "PrincipalType": "Group"}, {"RightName": "WriteOwner", "IsInherited": false, "PrincipalSID": "S-1-5-21-3332504370-1206983947-1165150453-519", "PrincipalType": "Group"}, {"RightName": "WriteDacl", "IsInherited": false, "PrincipalSID": "S-1-5-21-3332504370-1206983947-1165150453-519", "PrincipalType": "Group"}, {"RightName": "GenericWrite", "IsInherited": false, "PrincipalSID": "CASCADE.LOCAL-S-1-5-32-544", "PrincipalType": "Group"}, {"RightName": "WriteOwner", "IsInherited": false, "PrincipalSID": "CASCADE.LOCAL-S-1-5-32-544", "PrincipalType": "Group"}, {"RightName": "WriteDacl", "IsInherited": false, "PrincipalSID": "CASCADE.LOCAL-S-1-5-32-544", "PrincipalType": "Group"}], "IsDeleted": false, "IsACLProtected": true},{"ObjectIdentifier": "S-1-5-21-3332504370-1206983947-1165150453-572", "Properties": {"domain": "CASCADE.LOCAL", "domainsid": "S-1-5-21-3332504370-1206983947-1165150453", "highvalue": false, "name": "DENIED RODC PASSWORD REPLICATION GROUP@CASCADE.LOCAL", "distinguishedname": "CN=DENIED RODC PASSWORD REPLICATION GROUP,CN=USERS,DC=CASCADE,DC=LOCAL", "admincount": false, "description": "Members in this group cannot have their passwords replicated to any read-only domain controllers in the domain", "whencreated": 1578583936}, "Members": [{"ObjectIdentifier": "S-1-5-21-3332504370-1206983947-1165150453-521", "ObjectType": "Group"}, {"ObjectIdentifier": "S-1-5-21-3332504370-1206983947-1165150453-520", "ObjectType": "Group"}, {"ObjectIdentifier": "S-1-5-21-3332504370-1206983947-1165150453-512", "ObjectType": "Group"}, {"ObjectIdentifier": "S-1-5-21-3332504370-1206983947-1165150453-517", "ObjectType": "Group"}, {"ObjectIdentifier": "S-1-5-21-3332504370-1206983947-1165150453-519", "ObjectType": "Group"}, {"ObjectIdentifier": "S-1-5-21-3332504370-1206983947-1165150453-518", "ObjectType": "Group"}, {"ObjectIdentifier": "S-1-5-21-3332504370-1206983947-1165150453-516", "ObjectType": "Group"}, {"ObjectIdentifier": "S-1-5-21-3332504370-1206983947-1165150453-502", "ObjectType": "User"}], "Aces": [{"RightName": "Owns", "IsInherited": false, "PrincipalSID": "S-1-5-21-3332504370-1206983947-1165150453-512", "PrincipalType": "Group"}, {"RightName": "GenericAll", "IsInherited": false, "PrincipalSID": "S-1-5-21-3332504370-1206983947-1165150453-512", "PrincipalType": "Group"}, {"RightName": "GenericAll", "IsInherited": false, "PrincipalSID": "CASCADE.LOCAL-S-1-5-32-548", "PrincipalType": "Group"}, {"RightName": "GenericAll", "IsInherited": true, "PrincipalSID": "S-1-5-21-3332504370-1206983947-1165150453-519", "PrincipalType": "Group"}, {"RightName": "GenericWrite", "IsInherited": true, "PrincipalSID": "CASCADE.LOCAL-S-1-5-32-544", "PrincipalType": "Group"}, {"RightName": "WriteOwner", "IsInherited": true, "PrincipalSID": "CASCADE.LOCAL-S-1-5-32-544", "PrincipalType": "Group"}, {"RightName": "WriteDacl", "IsInherited": true, "PrincipalSID": "CASCADE.LOCAL-S-1-5-32-544", "PrincipalType": "Group"}], "IsDeleted": false, "IsACLProtected": false},{"ObjectIdentifier": "S-1-5-21-3332504370-1206983947-1165150453-571", "Properties": {"domain": "CASCADE.LOCAL", "domainsid": "S-1-5-21-3332504370-1206983947-1165150453", "highvalue": false, "name": "ALLOWED RODC PASSWORD REPLICATION GROUP@CASCADE.LOCAL", "distinguishedname": "CN=ALLOWED RODC PASSWORD REPLICATION GROUP,CN=USERS,DC=CASCADE,DC=LOCAL", "admincount": false, "description": "Members in this group can have their passwords replicated to all read-only domain controllers in the domain", "whencreated": 1578583936}, "Members": [], "Aces": [{"RightName": "Owns", "IsInherited": false, "PrincipalSID": "S-1-5-21-3332504370-1206983947-1165150453-512", "PrincipalType": "Group"}, {"RightName": "GenericAll", "IsInherited": false, "PrincipalSID": "S-1-5-21-3332504370-1206983947-1165150453-512", "PrincipalType": "Group"}, {"RightName": "GenericAll", "IsInherited": false, "PrincipalSID": "CASCADE.LOCAL-S-1-5-32-548", "PrincipalType": "Group"}, {"RightName": "GenericAll", "IsInherited": true, "PrincipalSID": "S-1-5-21-3332504370-1206983947-1165150453-519", "PrincipalType": "Group"}, {"RightName": "GenericWrite", "IsInherited": true, "PrincipalSID": "CASCADE.LOCAL-S-1-5-32-544", "PrincipalType": "Group"}, {"RightName": "WriteOwner", "IsInherited": true, "PrincipalSID": "CASCADE.LOCAL-S-1-5-32-544", "PrincipalType": "Group"}, {"RightName": "WriteDacl", "IsInherited": true, "PrincipalSID": "CASCADE.LOCAL-S-1-5-32-544", "PrincipalType": "Group"}], "IsDeleted": false, "IsACLProtected": false},{"ObjectIdentifier": "CASCADE.LOCAL-S-1-5-32-561", "Properties": {"domain": "CASCADE.LOCAL", "domainsid": "S-1-5-21-3332504370-1206983947-1165150453", "highvalue": false, "name": "TERMINAL SERVER LICENSE SERVERS@CASCADE.LOCAL", "distinguishedname": "CN=TERMINAL SERVER LICENSE SERVERS,CN=BUILTIN,DC=CASCADE,DC=LOCAL", "admincount": false, "description": "Members of this group can update user accounts in Active Directory with information about license issuance, for the purpose of tracking and reporting TS Per User CAL usage", "whencreated": 1578583935}, "Members": [], "Aces": [{"RightName": "Owns", "IsInherited": false, "PrincipalSID": "S-1-5-21-3332504370-1206983947-1165150453-512", "PrincipalType": "Group"}, {"RightName": "GenericAll", "IsInherited": false, "PrincipalSID": "S-1-5-21-3332504370-1206983947-1165150453-512", "PrincipalType": "Group"}, {"RightName": "GenericAll", "IsInherited": false, "PrincipalSID": "CASCADE.LOCAL-S-1-5-32-548", "PrincipalType": "Group"}, {"RightName": "GenericAll", "IsInherited": true, "PrincipalSID": "S-1-5-21-3332504370-1206983947-1165150453-519", "PrincipalType": "Group"}, {"RightName": "GenericWrite", "IsInherited": true, "PrincipalSID": "CASCADE.LOCAL-S-1-5-32-544", "PrincipalType": "Group"}, {"RightName": "WriteOwner", "IsInherited": true, "PrincipalSID": "CASCADE.LOCAL-S-1-5-32-544", "PrincipalType": "Group"}, {"RightName": "WriteDacl", "IsInherited": true, "PrincipalSID": "CASCADE.LOCAL-S-1-5-32-544", "PrincipalType": "Group"}], "IsDeleted": false, "IsACLProtected": false},{"ObjectIdentifier": "CASCADE.LOCAL-S-1-5-32-560", "Properties": {"domain": "CASCADE.LOCAL", "domainsid": "S-1-5-21-3332504370-1206983947-1165150453", "highvalue": false, "name": "WINDOWS AUTHORIZATION ACCESS GROUP@CASCADE.LOCAL", "distinguishedname": "CN=WINDOWS AUTHORIZATION ACCESS GROUP,CN=BUILTIN,DC=CASCADE,DC=LOCAL", "admincount": false, "description": "Members of this group have access to the computed tokenGroupsGlobalAndUniversal attribute on User objects", "whencreated": 1578583935}, "Members": [{"ObjectIdentifier": "CASCADE.LOCAL-S-1-5-9", "ObjectType": "Group"}], "Aces": [{"RightName": "Owns", "IsInherited": false, "PrincipalSID": "S-1-5-21-3332504370-1206983947-1165150453-512", "PrincipalType": "Group"}, {"RightName": "GenericAll", "IsInherited": false, "PrincipalSID": "S-1-5-21-3332504370-1206983947-1165150453-512", "PrincipalType": "Group"}, {"RightName": "GenericAll", "IsInherited": false, "PrincipalSID": "CASCADE.LOCAL-S-1-5-32-548", "PrincipalType": "Group"}, {"RightName": "GenericAll", "IsInherited": true, "PrincipalSID": "S-1-5-21-3332504370-1206983947-1165150453-519", "PrincipalType": "Group"}, {"RightName": "GenericWrite", "IsInherited": true, "PrincipalSID": "CASCADE.LOCAL-S-1-5-32-544", "PrincipalType": "Group"}, {"RightName": "WriteOwner", "IsInherited": true, "PrincipalSID": "CASCADE.LOCAL-S-1-5-32-544", "PrincipalType": "Group"}, {"RightName": "WriteDacl", "IsInherited": true, "PrincipalSID": "CASCADE.LOCAL-S-1-5-32-544", "PrincipalType": "Group"}], "IsDeleted": false, "IsACLProtected": false},{"ObjectIdentifier": "CASCADE.LOCAL-S-1-5-32-557", "Properties": {"domain": "CASCADE.LOCAL", "domainsid": "S-1-5-21-3332504370-1206983947-1165150453", "highvalue": false, "name": "INCOMING FOREST TRUST BUILDERS@CASCADE.LOCAL", "distinguishedname": "CN=INCOMING FOREST TRUST BUILDERS,CN=BUILTIN,DC=CASCADE,DC=LOCAL", "admincount": false, "description": "Members of this group can create incoming, one-way trusts to this forest", "whencreated": 1578583935}, "Members": [], "Aces": [{"RightName": "Owns", "IsInherited": false, "PrincipalSID": "S-1-5-21-3332504370-1206983947-1165150453-512", "PrincipalType": "Group"}, {"RightName": "GenericAll", "IsInherited": false, "PrincipalSID": "S-1-5-21-3332504370-1206983947-1165150453-512", "PrincipalType": "Group"}, {"RightName": "GenericAll", "IsInherited": false, "PrincipalSID": "CASCADE.LOCAL-S-1-5-32-548", "PrincipalType": "Group"}, {"RightName": "GenericAll", "IsInherited": true, "PrincipalSID": "S-1-5-21-3332504370-1206983947-1165150453-519", "PrincipalType": "Group"}, {"RightName": "GenericWrite", "IsInherited": true, "PrincipalSID": "CASCADE.LOCAL-S-1-5-32-544", "PrincipalType": "Group"}, {"RightName": "WriteOwner", "IsInherited": true, "PrincipalSID": "CASCADE.LOCAL-S-1-5-32-544", "PrincipalType": "Group"}, {"RightName": "WriteDacl", "IsInherited": true, "PrincipalSID": "CASCADE.LOCAL-S-1-5-32-544", "PrincipalType": "Group"}], "IsDeleted": false, "IsACLProtected": false},{"ObjectIdentifier": "CASCADE.LOCAL-S-1-5-32-554", "Properties": {"domain": "CASCADE.LOCAL", "domainsid": "S-1-5-21-3332504370-1206983947-1165150453", "highvalue": false, "name": "PRE-WINDOWS 2000 COMPATIBLE ACCESS@CASCADE.LOCAL", "distinguishedname": "CN=PRE-WINDOWS 2000 COMPATIBLE ACCESS,CN=BUILTIN,DC=CASCADE,DC=LOCAL", "admincount": false, "description": "A backward compatibility group which allows read access on all users and groups in the domain", "whencreated": 1578583935}, "Members": [{"ObjectIdentifier": "CASCADE.LOCAL-S-1-5-11", "ObjectType": "Group"}], "Aces": [{"RightName": "Owns", "IsInherited": false, "PrincipalSID": "S-1-5-21-3332504370-1206983947-1165150453-512", "PrincipalType": "Group"}, {"RightName": "GenericAll", "IsInherited": false, "PrincipalSID": "S-1-5-21-3332504370-1206983947-1165150453-512", "PrincipalType": "Group"}, {"RightName": "GenericAll", "IsInherited": false, "PrincipalSID": "CASCADE.LOCAL-S-1-5-32-548", "PrincipalType": "Group"}, {"RightName": "GenericAll", "IsInherited": true, "PrincipalSID": "S-1-5-21-3332504370-1206983947-1165150453-519", "PrincipalType": "Group"}, {"RightName": "GenericWrite", "IsInherited": true, "PrincipalSID": "CASCADE.LOCAL-S-1-5-32-544", "PrincipalType": "Group"}, {"RightName": "WriteOwner", "IsInherited": true, "PrincipalSID": "CASCADE.LOCAL-S-1-5-32-544", "PrincipalType": "Group"}, {"RightName": "WriteDacl", "IsInherited": true, "PrincipalSID": "CASCADE.LOCAL-S-1-5-32-544", "PrincipalType": "Group"}], "IsDeleted": false, "IsACLProtected": false},{"ObjectIdentifier": "CASCADE.LOCAL-S-1-5-32-548", "Properties": {"domain": "CASCADE.LOCAL", "domainsid": "S-1-5-21-3332504370-1206983947-1165150453", "highvalue": true, "name": "ACCOUNT OPERATORS@CASCADE.LOCAL", "distinguishedname": "CN=ACCOUNT OPERATORS,CN=BUILTIN,DC=CASCADE,DC=LOCAL", "admincount": true, "description": "Members can administer domain user and group accounts", "whencreated": 1578583935}, "Members": [], "Aces": [{"RightName": "Owns", "IsInherited": false, "PrincipalSID": "S-1-5-21-3332504370-1206983947-1165150453-512", "PrincipalType": "Group"}, {"RightName": "GenericWrite", "IsInherited": false, "PrincipalSID": "S-1-5-21-3332504370-1206983947-1165150453-512", "PrincipalType": "Group"}, {"RightName": "WriteOwner", "IsInherited": false, "PrincipalSID": "S-1-5-21-3332504370-1206983947-1165150453-512", "PrincipalType": "Group"}, {"RightName": "WriteDacl", "IsInherited": false, "PrincipalSID": "S-1-5-21-3332504370-1206983947-1165150453-512", "PrincipalType": "Group"}, {"RightName": "GenericWrite", "IsInherited": false, "PrincipalSID": "S-1-5-21-3332504370-1206983947-1165150453-519", "PrincipalType": "Group"}, {"RightName": "WriteOwner", "IsInherited": false, "PrincipalSID": "S-1-5-21-3332504370-1206983947-1165150453-519", "PrincipalType": "Group"}, {"RightName": "WriteDacl", "IsInherited": false, "PrincipalSID": "S-1-5-21-3332504370-1206983947-1165150453-519", "PrincipalType": "Group"}, {"RightName": "GenericWrite", "IsInherited": false, "PrincipalSID": "CASCADE.LOCAL-S-1-5-32-544", "PrincipalType": "Group"}, {"RightName": "WriteOwner", "IsInherited": false, "PrincipalSID": "CASCADE.LOCAL-S-1-5-32-544", "PrincipalType": "Group"}, {"RightName": "WriteDacl", "IsInherited": false, "PrincipalSID": "CASCADE.LOCAL-S-1-5-32-544", "PrincipalType": "Group"}], "IsDeleted": false, "IsACLProtected": true},{"ObjectIdentifier": "CASCADE.LOCAL-S-1-5-32-549", "Properties": {"domain": "CASCADE.LOCAL", "domainsid": "S-1-5-21-3332504370-1206983947-1165150453", "highvalue": true, "name": "SERVER OPERATORS@CASCADE.LOCAL", "distinguishedname": "CN=SERVER OPERATORS,CN=BUILTIN,DC=CASCADE,DC=LOCAL", "admincount": true, "description": "Members can administer domain servers", "whencreated": 1578583935}, "Members": [], "Aces": [{"RightName": "Owns", "IsInherited": false, "PrincipalSID": "S-1-5-21-3332504370-1206983947-1165150453-512", "PrincipalType": "Group"}, {"RightName": "GenericWrite", "IsInherited": false, "PrincipalSID": "S-1-5-21-3332504370-1206983947-1165150453-512", "PrincipalType": "Group"}, {"RightName": "WriteOwner", "IsInherited": false, "PrincipalSID": "S-1-5-21-3332504370-1206983947-1165150453-512", "PrincipalType": "Group"}, {"RightName": "WriteDacl", "IsInherited": false, "PrincipalSID": "S-1-5-21-3332504370-1206983947-1165150453-512", "PrincipalType": "Group"}, {"RightName": "GenericWrite", "IsInherited": false, "PrincipalSID": "S-1-5-21-3332504370-1206983947-1165150453-519", "PrincipalType": "Group"}, {"RightName": "WriteOwner", "IsInherited": false, "PrincipalSID": "S-1-5-21-3332504370-1206983947-1165150453-519", "PrincipalType": "Group"}, {"RightName": "WriteDacl", "IsInherited": false, "PrincipalSID": "S-1-5-21-3332504370-1206983947-1165150453-519", "PrincipalType": "Group"}, {"RightName": "GenericWrite", "IsInherited": false, "PrincipalSID": "CASCADE.LOCAL-S-1-5-32-544", "PrincipalType": "Group"}, {"RightName": "WriteOwner", "IsInherited": false, "PrincipalSID": "CASCADE.LOCAL-S-1-5-32-544", "PrincipalType": "Group"}, {"RightName": "WriteDacl", "IsInherited": false, "PrincipalSID": "CASCADE.LOCAL-S-1-5-32-544", "PrincipalType": "Group"}], "IsDeleted": false, "IsACLProtected": true},{"ObjectIdentifier": "S-1-5-21-3332504370-1206983947-1165150453-553", "Properties": {"domain": "CASCADE.LOCAL", "domainsid": "S-1-5-21-3332504370-1206983947-1165150453", "highvalue": false, "name": "RAS AND IAS SERVERS@CASCADE.LOCAL", "distinguishedname": "CN=RAS AND IAS SERVERS,CN=USERS,DC=CASCADE,DC=LOCAL", "admincount": false, "description": "Servers in this group can access remote access properties of users", "whencreated": 1578583935}, "Members": [], "Aces": [{"RightName": "Owns", "IsInherited": false, "PrincipalSID": "S-1-5-21-3332504370-1206983947-1165150453-512", "PrincipalType": "Group"}, {"RightName": "GenericAll", "IsInherited": false, "PrincipalSID": "S-1-5-21-3332504370-1206983947-1165150453-512", "PrincipalType": "Group"}, {"RightName": "GenericAll", "IsInherited": false, "PrincipalSID": "CASCADE.LOCAL-S-1-5-32-548", "PrincipalType": "Group"}, {"RightName": "GenericAll", "IsInherited": true, "PrincipalSID": "S-1-5-21-3332504370-1206983947-1165150453-519", "PrincipalType": "Group"}, {"RightName": "GenericWrite", "IsInherited": true, "PrincipalSID": "CASCADE.LOCAL-S-1-5-32-544", "PrincipalType": "Group"}, {"RightName": "WriteOwner", "IsInherited": true, "PrincipalSID": "CASCADE.LOCAL-S-1-5-32-544", "PrincipalType": "Group"}, {"RightName": "WriteDacl", "IsInherited": true, "PrincipalSID": "CASCADE.LOCAL-S-1-5-32-544", "PrincipalType": "Group"}], "IsDeleted": false, "IsACLProtected": false},{"ObjectIdentifier": "S-1-5-21-3332504370-1206983947-1165150453-520", "Properties": {"domain": "CASCADE.LOCAL", "domainsid": "S-1-5-21-3332504370-1206983947-1165150453", "highvalue": true, "name": "GROUP POLICY CREATOR OWNERS@CASCADE.LOCAL", "distinguishedname": "CN=GROUP POLICY CREATOR OWNERS,CN=USERS,DC=CASCADE,DC=LOCAL", "admincount": false, "description": "Members in this group can modify group policy for the domain", "whencreated": 1578583935}, "Members": [{"ObjectIdentifier": "S-1-5-21-3332504370-1206983947-1165150453-500", "ObjectType": "User"}], "Aces": [{"RightName": "Owns", "IsInherited": false, "PrincipalSID": "S-1-5-21-3332504370-1206983947-1165150453-512", "PrincipalType": "Group"}, {"RightName": "GenericAll", "IsInherited": false, "PrincipalSID": "S-1-5-21-3332504370-1206983947-1165150453-512", "PrincipalType": "Group"}, {"RightName": "GenericAll", "IsInherited": false, "PrincipalSID": "CASCADE.LOCAL-S-1-5-32-548", "PrincipalType": "Group"}, {"RightName": "GenericAll", "IsInherited": true, "PrincipalSID": "S-1-5-21-3332504370-1206983947-1165150453-519", "PrincipalType": "Group"}, {"RightName": "GenericWrite", "IsInherited": true, "PrincipalSID": "CASCADE.LOCAL-S-1-5-32-544", "PrincipalType": "Group"}, {"RightName": "WriteOwner", "IsInherited": true, "PrincipalSID": "CASCADE.LOCAL-S-1-5-32-544", "PrincipalType": "Group"}, {"RightName": "WriteDacl", "IsInherited": true, "PrincipalSID": "CASCADE.LOCAL-S-1-5-32-544", "PrincipalType": "Group"}], "IsDeleted": false, "IsACLProtected": false},{"ObjectIdentifier": "S-1-5-21-3332504370-1206983947-1165150453-514", "Properties": {"domain": "CASCADE.LOCAL", "domainsid": "S-1-5-21-3332504370-1206983947-1165150453", "highvalue": false, "name": "DOMAIN GUESTS@CASCADE.LOCAL", "distinguishedname": "CN=DOMAIN GUESTS,CN=USERS,DC=CASCADE,DC=LOCAL", "admincount": false, "description": "All domain guests", "whencreated": 1578583935}, "Members": [], "Aces": [{"RightName": "Owns", "IsInherited": false, "PrincipalSID": "S-1-5-21-3332504370-1206983947-1165150453-512", "PrincipalType": "Group"}, {"RightName": "GenericAll", "IsInherited": false, "PrincipalSID": "S-1-5-21-3332504370-1206983947-1165150453-512", "PrincipalType": "Group"}, {"RightName": "GenericAll", "IsInherited": false, "PrincipalSID": "CASCADE.LOCAL-S-1-5-32-548", "PrincipalType": "Group"}, {"RightName": "GenericAll", "IsInherited": true, "PrincipalSID": "S-1-5-21-3332504370-1206983947-1165150453-519", "PrincipalType": "Group"}, {"RightName": "GenericWrite", "IsInherited": true, "PrincipalSID": "CASCADE.LOCAL-S-1-5-32-544", "PrincipalType": "Group"}, {"RightName": "WriteOwner", "IsInherited": true, "PrincipalSID": "CASCADE.LOCAL-S-1-5-32-544", "PrincipalType": "Group"}, {"RightName": "WriteDacl", "IsInherited": true, "PrincipalSID": "CASCADE.LOCAL-S-1-5-32-544", "PrincipalType": "Group"}], "IsDeleted": false, "IsACLProtected": false},{"ObjectIdentifier": "S-1-5-21-3332504370-1206983947-1165150453-513", "Properties": {"domain": "CASCADE.LOCAL", "domainsid": "S-1-5-21-3332504370-1206983947-1165150453", "highvalue": false, "name": "DOMAIN USERS@CASCADE.LOCAL", "distinguishedname": "CN=DOMAIN USERS,CN=USERS,DC=CASCADE,DC=LOCAL", "admincount": false, "description": "All domain users", "whencreated": 1578583935}, "Members": [], "Aces": [{"RightName": "Owns", "IsInherited": false, "PrincipalSID": "S-1-5-21-3332504370-1206983947-1165150453-512", "PrincipalType": "Group"}, {"RightName": "GenericAll", "IsInherited": false, "PrincipalSID": "S-1-5-21-3332504370-1206983947-1165150453-512", "PrincipalType": "Group"}, {"RightName": "GenericAll", "IsInherited": false, "PrincipalSID": "CASCADE.LOCAL-S-1-5-32-548", "PrincipalType": "Group"}, {"RightName": "GenericAll", "IsInherited": true, "PrincipalSID": "S-1-5-21-3332504370-1206983947-1165150453-519", "PrincipalType": "Group"}, {"RightName": "GenericWrite", "IsInherited": true, "PrincipalSID": "CASCADE.LOCAL-S-1-5-32-544", "PrincipalType": "Group"}, {"RightName": "WriteOwner", "IsInherited": true, "PrincipalSID": "CASCADE.LOCAL-S-1-5-32-544", "PrincipalType": "Group"}, {"RightName": "WriteDacl", "IsInherited": true, "PrincipalSID": "CASCADE.LOCAL-S-1-5-32-544", "PrincipalType": "Group"}], "IsDeleted": false, "IsACLProtected": false},{"ObjectIdentifier": "S-1-5-21-3332504370-1206983947-1165150453-512", "Properties": {"domain": "CASCADE.LOCAL", "domainsid": "S-1-5-21-3332504370-1206983947-1165150453", "highvalue": true, "name": "DOMAIN ADMINS@CASCADE.LOCAL", "distinguishedname": "CN=DOMAIN ADMINS,CN=USERS,DC=CASCADE,DC=LOCAL", "admincount": true, "description": "Designated administrators of the domain", "whencreated": 1578583935}, "Members": [{"ObjectIdentifier": "S-1-5-21-3332504370-1206983947-1165150453-500", "ObjectType": "User"}], "Aces": [{"RightName": "Owns", "IsInherited": false, "PrincipalSID": "S-1-5-21-3332504370-1206983947-1165150453-512", "PrincipalType": "Group"}, {"RightName": "GenericWrite", "IsInherited": false, "PrincipalSID": "S-1-5-21-3332504370-1206983947-1165150453-512", "PrincipalType": "Group"}, {"RightName": "WriteOwner", "IsInherited": false, "PrincipalSID": "S-1-5-21-3332504370-1206983947-1165150453-512", "PrincipalType": "Group"}, {"RightName": "WriteDacl", "IsInherited": false, "PrincipalSID": "S-1-5-21-3332504370-1206983947-1165150453-512", "PrincipalType": "Group"}, {"RightName": "GenericWrite", "IsInherited": false, "PrincipalSID": "S-1-5-21-3332504370-1206983947-1165150453-519", "PrincipalType": "Group"}, {"RightName": "WriteOwner", "IsInherited": false, "PrincipalSID": "S-1-5-21-3332504370-1206983947-1165150453-519", "PrincipalType": "Group"}, {"RightName": "WriteDacl", "IsInherited": false, "PrincipalSID": "S-1-5-21-3332504370-1206983947-1165150453-519", "PrincipalType": "Group"}, {"RightName": "GenericWrite", "IsInherited": false, "PrincipalSID": "CASCADE.LOCAL-S-1-5-32-544", "PrincipalType": "Group"}, {"RightName": "WriteOwner", "IsInherited": false, "PrincipalSID": "CASCADE.LOCAL-S-1-5-32-544", "PrincipalType": "Group"}, {"RightName": "WriteDacl", "IsInherited": false, "PrincipalSID": "CASCADE.LOCAL-S-1-5-32-544", "PrincipalType": "Group"}], "IsDeleted": false, "IsACLProtected": true},{"ObjectIdentifier": "S-1-5-21-3332504370-1206983947-1165150453-517", "Properties": {"domain": "CASCADE.LOCAL", "domainsid": "S-1-5-21-3332504370-1206983947-1165150453", "highvalue": false, "name": "CERT PUBLISHERS@CASCADE.LOCAL", "distinguishedname": "CN=CERT PUBLISHERS,CN=USERS,DC=CASCADE,DC=LOCAL", "admincount": false, "description": "Members of this group are permitted to publish certificates to the directory", "whencreated": 1578583935}, "Members": [], "Aces": [{"RightName": "Owns", "IsInherited": false, "PrincipalSID": "S-1-5-21-3332504370-1206983947-1165150453-512", "PrincipalType": "Group"}, {"RightName": "GenericAll", "IsInherited": false, "PrincipalSID": "S-1-5-21-3332504370-1206983947-1165150453-512", "PrincipalType": "Group"}, {"RightName": "GenericAll", "IsInherited": false, "PrincipalSID": "CASCADE.LOCAL-S-1-5-32-548", "PrincipalType": "Group"}, {"RightName": "GenericAll", "IsInherited": true, "PrincipalSID": "S-1-5-21-3332504370-1206983947-1165150453-519", "PrincipalType": "Group"}, {"RightName": "GenericWrite", "IsInherited": true, "PrincipalSID": "CASCADE.LOCAL-S-1-5-32-544", "PrincipalType": "Group"}, {"RightName": "WriteOwner", "IsInherited": true, "PrincipalSID": "CASCADE.LOCAL-S-1-5-32-544", "PrincipalType": "Group"}, {"RightName": "WriteDacl", "IsInherited": true, "PrincipalSID": "CASCADE.LOCAL-S-1-5-32-544", "PrincipalType": "Group"}], "IsDeleted": false, "IsACLProtected": false},{"ObjectIdentifier": "S-1-5-21-3332504370-1206983947-1165150453-519", "Properties": {"domain": "CASCADE.LOCAL", "domainsid": "S-1-5-21-3332504370-1206983947-1165150453", "highvalue": true, "name": "ENTERPRISE ADMINS@CASCADE.LOCAL", "distinguishedname": "CN=ENTERPRISE ADMINS,CN=USERS,DC=CASCADE,DC=LOCAL", "admincount": true, "description": "Designated administrators of the enterprise", "whencreated": 1578583935}, "Members": [{"ObjectIdentifier": "S-1-5-21-3332504370-1206983947-1165150453-500", "ObjectType": "User"}], "Aces": [{"RightName": "Owns", "IsInherited": false, "PrincipalSID": "S-1-5-21-3332504370-1206983947-1165150453-512", "PrincipalType": "Group"}, {"RightName": "GenericWrite", "IsInherited": false, "PrincipalSID": "S-1-5-21-3332504370-1206983947-1165150453-512", "PrincipalType": "Group"}, {"RightName": "WriteOwner", "IsInherited": false, "PrincipalSID": "S-1-5-21-3332504370-1206983947-1165150453-512", "PrincipalType": "Group"}, {"RightName": "WriteDacl", "IsInherited": false, "PrincipalSID": "S-1-5-21-3332504370-1206983947-1165150453-512", "PrincipalType": "Group"}, {"RightName": "GenericWrite", "IsInherited": false, "PrincipalSID": "S-1-5-21-3332504370-1206983947-1165150453-519", "PrincipalType": "Group"}, {"RightName": "WriteOwner", "IsInherited": false, "PrincipalSID": "S-1-5-21-3332504370-1206983947-1165150453-519", "PrincipalType": "Group"}, {"RightName": "WriteDacl", "IsInherited": false, "PrincipalSID": "S-1-5-21-3332504370-1206983947-1165150453-519", "PrincipalType": "Group"}, {"RightName": "GenericWrite", "IsInherited": false, "PrincipalSID": "CASCADE.LOCAL-S-1-5-32-544", "PrincipalType": "Group"}, {"RightName": "WriteOwner", "IsInherited": false, "PrincipalSID": "CASCADE.LOCAL-S-1-5-32-544", "PrincipalType": "Group"}, {"RightName": "WriteDacl", "IsInherited": false, "PrincipalSID": "CASCADE.LOCAL-S-1-5-32-544", "PrincipalType": "Group"}], "IsDeleted": false, "IsACLProtected": true},{"ObjectIdentifier": "S-1-5-21-3332504370-1206983947-1165150453-518", "Properties": {"domain": "CASCADE.LOCAL", "domainsid": "S-1-5-21-3332504370-1206983947-1165150453", "highvalue": false, "name": "SCHEMA ADMINS@CASCADE.LOCAL", "distinguishedname": "CN=SCHEMA ADMINS,CN=USERS,DC=CASCADE,DC=LOCAL", "admincount": true, "description": "Designated administrators of the schema", "whencreated": 1578583935}, "Members": [{"ObjectIdentifier": "S-1-5-21-3332504370-1206983947-1165150453-500", "ObjectType": "User"}], "Aces": [{"RightName": "Owns", "IsInherited": false, "PrincipalSID": "S-1-5-21-3332504370-1206983947-1165150453-512", "PrincipalType": "Group"}, {"RightName": "GenericWrite", "IsInherited": false, "PrincipalSID": "S-1-5-21-3332504370-1206983947-1165150453-512", "PrincipalType": "Group"}, {"RightName": "WriteOwner", "IsInherited": false, "PrincipalSID": "S-1-5-21-3332504370-1206983947-1165150453-512", "PrincipalType": "Group"}, {"RightName": "WriteDacl", "IsInherited": false, "PrincipalSID": "S-1-5-21-3332504370-1206983947-1165150453-512", "PrincipalType": "Group"}, {"RightName": "GenericWrite", "IsInherited": false, "PrincipalSID": "S-1-5-21-3332504370-1206983947-1165150453-519", "PrincipalType": "Group"}, {"RightName": "WriteOwner", "IsInherited": false, "PrincipalSID": "S-1-5-21-3332504370-1206983947-1165150453-519", "PrincipalType": "Group"}, {"RightName": "WriteDacl", "IsInherited": false, "PrincipalSID": "S-1-5-21-3332504370-1206983947-1165150453-519", "PrincipalType": "Group"}, {"RightName": "GenericWrite", "IsInherited": false, "PrincipalSID": "CASCADE.LOCAL-S-1-5-32-544", "PrincipalType": "Group"}, {"RightName": "WriteOwner", "IsInherited": false, "PrincipalSID": "CASCADE.LOCAL-S-1-5-32-544", "PrincipalType": "Group"}, {"RightName": "WriteDacl", "IsInherited": false, "PrincipalSID": "CASCADE.LOCAL-S-1-5-32-544", "PrincipalType": "Group"}], "IsDeleted": false, "IsACLProtected": true},{"ObjectIdentifier": "S-1-5-21-3332504370-1206983947-1165150453-516", "Properties": {"domain": "CASCADE.LOCAL", "domainsid": "S-1-5-21-3332504370-1206983947-1165150453", "highvalue": true, "name": "DOMAIN CONTROLLERS@CASCADE.LOCAL", "distinguishedname": "CN=DOMAIN CONTROLLERS,CN=USERS,DC=CASCADE,DC=LOCAL", "admincount": true, "description": "All domain controllers in the domain", "whencreated": 1578583935}, "Members": [], "Aces": [{"RightName": "Owns", "IsInherited": false, "PrincipalSID": "S-1-5-21-3332504370-1206983947-1165150453-512", "PrincipalType": "Group"}, {"RightName": "GenericWrite", "IsInherited": false, "PrincipalSID": "S-1-5-21-3332504370-1206983947-1165150453-512", "PrincipalType": "Group"}, {"RightName": "WriteOwner", "IsInherited": false, "PrincipalSID": "S-1-5-21-3332504370-1206983947-1165150453-512", "PrincipalType": "Group"}, {"RightName": "WriteDacl", "IsInherited": false, "PrincipalSID": "S-1-5-21-3332504370-1206983947-1165150453-512", "PrincipalType": "Group"}, {"RightName": "GenericWrite", "IsInherited": false, "PrincipalSID": "S-1-5-21-3332504370-1206983947-1165150453-519", "PrincipalType": "Group"}, {"RightName": "WriteOwner", "IsInherited": false, "PrincipalSID": "S-1-5-21-3332504370-1206983947-1165150453-519", "PrincipalType": "Group"}, {"RightName": "WriteDacl", "IsInherited": false, "PrincipalSID": "S-1-5-21-3332504370-1206983947-1165150453-519", "PrincipalType": "Group"}, {"RightName": "GenericWrite", "IsInherited": false, "PrincipalSID": "CASCADE.LOCAL-S-1-5-32-544", "PrincipalType": "Group"}, {"RightName": "WriteOwner", "IsInherited": false, "PrincipalSID": "CASCADE.LOCAL-S-1-5-32-544", "PrincipalType": "Group"}, {"RightName": "WriteDacl", "IsInherited": false, "PrincipalSID": "CASCADE.LOCAL-S-1-5-32-544", "PrincipalType": "Group"}], "IsDeleted": false, "IsACLProtected": true},{"ObjectIdentifier": "S-1-5-21-3332504370-1206983947-1165150453-515", "Properties": {"domain": "CASCADE.LOCAL", "domainsid": "S-1-5-21-3332504370-1206983947-1165150453", "highvalue": false, "name": "DOMAIN COMPUTERS@CASCADE.LOCAL", "distinguishedname": "CN=DOMAIN COMPUTERS,CN=USERS,DC=CASCADE,DC=LOCAL", "admincount": false, "description": "All workstations and servers joined to the domain", "whencreated": 1578583935}, "Members": [], "Aces": [{"RightName": "Owns", "IsInherited": false, "PrincipalSID": "S-1-5-21-3332504370-1206983947-1165150453-512", "PrincipalType": "Group"}, {"RightName": "GenericAll", "IsInherited": false, "PrincipalSID": "S-1-5-21-3332504370-1206983947-1165150453-512", "PrincipalType": "Group"}, {"RightName": "GenericAll", "IsInherited": false, "PrincipalSID": "CASCADE.LOCAL-S-1-5-32-548", "PrincipalType": "Group"}, {"RightName": "GenericAll", "IsInherited": true, "PrincipalSID": "S-1-5-21-3332504370-1206983947-1165150453-519", "PrincipalType": "Group"}, {"RightName": "GenericWrite", "IsInherited": true, "PrincipalSID": "CASCADE.LOCAL-S-1-5-32-544", "PrincipalType": "Group"}, {"RightName": "WriteOwner", "IsInherited": true, "PrincipalSID": "CASCADE.LOCAL-S-1-5-32-544", "PrincipalType": "Group"}, {"RightName": "WriteDacl", "IsInherited": true, "PrincipalSID": "CASCADE.LOCAL-S-1-5-32-544", "PrincipalType": "Group"}], "IsDeleted": false, "IsACLProtected": false},{"ObjectIdentifier": "CASCADE.LOCAL-S-1-5-32-574", "Properties": {"domain": "CASCADE.LOCAL", "domainsid": "S-1-5-21-3332504370-1206983947-1165150453", "highvalue": false, "name": "CERTIFICATE SERVICE DCOM ACCESS@CASCADE.LOCAL", "distinguishedname": "CN=CERTIFICATE SERVICE DCOM ACCESS,CN=BUILTIN,DC=CASCADE,DC=LOCAL", "admincount": false, "description": "Members of this group are allowed to connect to Certification Authorities in the enterprise", "whencreated": 1578583900}, "Members": [], "Aces": [{"RightName": "Owns", "IsInherited": false, "PrincipalSID": "CASCADE.LOCAL-S-1-5-32-544", "PrincipalType": "Group"}, {"RightName": "GenericAll", "IsInherited": false, "PrincipalSID": "S-1-5-21-3332504370-1206983947-1165150453-512", "PrincipalType": "Group"}, {"RightName": "GenericAll", "IsInherited": false, "PrincipalSID": "CASCADE.LOCAL-S-1-5-32-548", "PrincipalType": "Group"}, {"RightName": "GenericAll", "IsInherited": true, "PrincipalSID": "S-1-5-21-3332504370-1206983947-1165150453-519", "PrincipalType": "Group"}, {"RightName": "GenericWrite", "IsInherited": true, "PrincipalSID": "CASCADE.LOCAL-S-1-5-32-544", "PrincipalType": "Group"}, {"RightName": "WriteOwner", "IsInherited": true, "PrincipalSID": "CASCADE.LOCAL-S-1-5-32-544", "PrincipalType": "Group"}, {"RightName": "WriteDacl", "IsInherited": true, "PrincipalSID": "CASCADE.LOCAL-S-1-5-32-544", "PrincipalType": "Group"}], "IsDeleted": false, "IsACLProtected": false},{"ObjectIdentifier": "CASCADE.LOCAL-S-1-5-32-573", "Properties": {"domain": "CASCADE.LOCAL", "domainsid": "S-1-5-21-3332504370-1206983947-1165150453", "highvalue": false, "name": "EVENT LOG READERS@CASCADE.LOCAL", "distinguishedname": "CN=EVENT LOG READERS,CN=BUILTIN,DC=CASCADE,DC=LOCAL", "admincount": false, "description": "Members of this group can read event logs from local machine", "whencreated": 1578583900}, "Members": [], "Aces": [{"RightName": "Owns", "IsInherited": false, "PrincipalSID": "CASCADE.LOCAL-S-1-5-32-544", "PrincipalType": "Group"}, {"RightName": "GenericAll", "IsInherited": false, "PrincipalSID": "S-1-5-21-3332504370-1206983947-1165150453-512", "PrincipalType": "Group"}, {"RightName": "GenericAll", "IsInherited": false, "PrincipalSID": "CASCADE.LOCAL-S-1-5-32-548", "PrincipalType": "Group"}, {"RightName": "GenericAll", "IsInherited": true, "PrincipalSID": "S-1-5-21-3332504370-1206983947-1165150453-519", "PrincipalType": "Group"}, {"RightName": "GenericWrite", "IsInherited": true, "PrincipalSID": "CASCADE.LOCAL-S-1-5-32-544", "PrincipalType": "Group"}, {"RightName": "WriteOwner", "IsInherited": true, "PrincipalSID": "CASCADE.LOCAL-S-1-5-32-544", "PrincipalType": "Group"}, {"RightName": "WriteDacl", "IsInherited": true, "PrincipalSID": "CASCADE.LOCAL-S-1-5-32-544", "PrincipalType": "Group"}], "IsDeleted": false, "IsACLProtected": false},{"ObjectIdentifier": "CASCADE.LOCAL-S-1-5-32-569", "Properties": {"domain": "CASCADE.LOCAL", "domainsid": "S-1-5-21-3332504370-1206983947-1165150453", "highvalue": false, "name": "CRYPTOGRAPHIC OPERATORS@CASCADE.LOCAL", "distinguishedname": "CN=CRYPTOGRAPHIC OPERATORS,CN=BUILTIN,DC=CASCADE,DC=LOCAL", "admincount": false, "description": "Members are authorized to perform cryptographic operations.", "whencreated": 1578583900}, "Members": [], "Aces": [{"RightName": "Owns", "IsInherited": false, "PrincipalSID": "CASCADE.LOCAL-S-1-5-32-544", "PrincipalType": "Group"}, {"RightName": "GenericAll", "IsInherited": false, "PrincipalSID": "S-1-5-21-3332504370-1206983947-1165150453-512", "PrincipalType": "Group"}, {"RightName": "GenericAll", "IsInherited": false, "PrincipalSID": "CASCADE.LOCAL-S-1-5-32-548", "PrincipalType": "Group"}, {"RightName": "GenericAll", "IsInherited": true, "PrincipalSID": "S-1-5-21-3332504370-1206983947-1165150453-519", "PrincipalType": "Group"}, {"RightName": "GenericWrite", "IsInherited": true, "PrincipalSID": "CASCADE.LOCAL-S-1-5-32-544", "PrincipalType": "Group"}, {"RightName": "WriteOwner", "IsInherited": true, "PrincipalSID": "CASCADE.LOCAL-S-1-5-32-544", "PrincipalType": "Group"}, {"RightName": "WriteDacl", "IsInherited": true, "PrincipalSID": "CASCADE.LOCAL-S-1-5-32-544", "PrincipalType": "Group"}], "IsDeleted": false, "IsACLProtected": false},{"ObjectIdentifier": "CASCADE.LOCAL-S-1-5-32-568", "Properties": {"domain": "CASCADE.LOCAL", "domainsid": "S-1-5-21-3332504370-1206983947-1165150453", "highvalue": false, "name": "IIS_IUSRS@CASCADE.LOCAL", "distinguishedname": "CN=IIS_IUSRS,CN=BUILTIN,DC=CASCADE,DC=LOCAL", "admincount": false, "description": "Built-in group used by Internet Information Services.", "whencreated": 1578583900}, "Members": [], "Aces": [{"RightName": "Owns", "IsInherited": false, "PrincipalSID": "CASCADE.LOCAL-S-1-5-32-544", "PrincipalType": "Group"}, {"RightName": "GenericAll", "IsInherited": false, "PrincipalSID": "S-1-5-21-3332504370-1206983947-1165150453-512", "PrincipalType": "Group"}, {"RightName": "GenericAll", "IsInherited": false, "PrincipalSID": "CASCADE.LOCAL-S-1-5-32-548", "PrincipalType": "Group"}, {"RightName": "GenericAll", "IsInherited": true, "PrincipalSID": "S-1-5-21-3332504370-1206983947-1165150453-519", "PrincipalType": "Group"}, {"RightName": "GenericWrite", "IsInherited": true, "PrincipalSID": "CASCADE.LOCAL-S-1-5-32-544", "PrincipalType": "Group"}, {"RightName": "WriteOwner", "IsInherited": true, "PrincipalSID": "CASCADE.LOCAL-S-1-5-32-544", "PrincipalType": "Group"}, {"RightName": "WriteDacl", "IsInherited": true, "PrincipalSID": "CASCADE.LOCAL-S-1-5-32-544", "PrincipalType": "Group"}], "IsDeleted": false, "IsACLProtected": false},{"ObjectIdentifier": "CASCADE.LOCAL-S-1-5-32-562", "Properties": {"domain": "CASCADE.LOCAL", "domainsid": "S-1-5-21-3332504370-1206983947-1165150453", "highvalue": false, "name": "DISTRIBUTED COM USERS@CASCADE.LOCAL", "distinguishedname": "CN=DISTRIBUTED COM USERS,CN=BUILTIN,DC=CASCADE,DC=LOCAL", "admincount": false, "description": "Members are allowed to launch, activate and use Distributed COM objects on this machine.", "whencreated": 1578583900}, "Members": [], "Aces": [{"RightName": "Owns", "IsInherited": false, "PrincipalSID": "CASCADE.LOCAL-S-1-5-32-544", "PrincipalType": "Group"}, {"RightName": "GenericAll", "IsInherited": false, "PrincipalSID": "S-1-5-21-3332504370-1206983947-1165150453-512", "PrincipalType": "Group"}, {"RightName": "GenericAll", "IsInherited": false, "PrincipalSID": "CASCADE.LOCAL-S-1-5-32-548", "PrincipalType": "Group"}, {"RightName": "GenericAll", "IsInherited": true, "PrincipalSID": "S-1-5-21-3332504370-1206983947-1165150453-519", "PrincipalType": "Group"}, {"RightName": "GenericWrite", "IsInherited": true, "PrincipalSID": "CASCADE.LOCAL-S-1-5-32-544", "PrincipalType": "Group"}, {"RightName": "WriteOwner", "IsInherited": true, "PrincipalSID": "CASCADE.LOCAL-S-1-5-32-544", "PrincipalType": "Group"}, {"RightName": "WriteDacl", "IsInherited": true, "PrincipalSID": "CASCADE.LOCAL-S-1-5-32-544", "PrincipalType": "Group"}], "IsDeleted": false, "IsACLProtected": false},{"ObjectIdentifier": "CASCADE.LOCAL-S-1-5-32-559", "Properties": {"domain": "CASCADE.LOCAL", "domainsid": "S-1-5-21-3332504370-1206983947-1165150453", "highvalue": false, "name": "PERFORMANCE LOG USERS@CASCADE.LOCAL", "distinguishedname": "CN=PERFORMANCE LOG USERS,CN=BUILTIN,DC=CASCADE,DC=LOCAL", "admincount": false, "description": "Members of this group may schedule logging of performance counters, enable trace providers, and collect event traces both locally and via remote access to this computer", "whencreated": 1578583900}, "Members": [], "Aces": [{"RightName": "Owns", "IsInherited": false, "PrincipalSID": "CASCADE.LOCAL-S-1-5-32-544", "PrincipalType": "Group"}, {"RightName": "GenericAll", "IsInherited": false, "PrincipalSID": "S-1-5-21-3332504370-1206983947-1165150453-512", "PrincipalType": "Group"}, {"RightName": "GenericAll", "IsInherited": false, "PrincipalSID": "CASCADE.LOCAL-S-1-5-32-548", "PrincipalType": "Group"}, {"RightName": "GenericAll", "IsInherited": true, "PrincipalSID": "S-1-5-21-3332504370-1206983947-1165150453-519", "PrincipalType": "Group"}, {"RightName": "GenericWrite", "IsInherited": true, "PrincipalSID": "CASCADE.LOCAL-S-1-5-32-544", "PrincipalType": "Group"}, {"RightName": "WriteOwner", "IsInherited": true, "PrincipalSID": "CASCADE.LOCAL-S-1-5-32-544", "PrincipalType": "Group"}, {"RightName": "WriteDacl", "IsInherited": true, "PrincipalSID": "CASCADE.LOCAL-S-1-5-32-544", "PrincipalType": "Group"}], "IsDeleted": false, "IsACLProtected": false},{"ObjectIdentifier": "CASCADE.LOCAL-S-1-5-32-558", "Properties": {"domain": "CASCADE.LOCAL", "domainsid": "S-1-5-21-3332504370-1206983947-1165150453", "highvalue": false, "name": "PERFORMANCE MONITOR USERS@CASCADE.LOCAL", "distinguishedname": "CN=PERFORMANCE MONITOR USERS,CN=BUILTIN,DC=CASCADE,DC=LOCAL", "admincount": false, "description": "Members of this group can access performance counter data locally and remotely", "whencreated": 1578583900}, "Members": [], "Aces": [{"RightName": "Owns", "IsInherited": false, "PrincipalSID": "CASCADE.LOCAL-S-1-5-32-544", "PrincipalType": "Group"}, {"RightName": "GenericAll", "IsInherited": false, "PrincipalSID": "S-1-5-21-3332504370-1206983947-1165150453-512", "PrincipalType": "Group"}, {"RightName": "GenericAll", "IsInherited": false, "PrincipalSID": "CASCADE.LOCAL-S-1-5-32-548", "PrincipalType": "Group"}, {"RightName": "GenericAll", "IsInherited": true, "PrincipalSID": "S-1-5-21-3332504370-1206983947-1165150453-519", "PrincipalType": "Group"}, {"RightName": "GenericWrite", "IsInherited": true, "PrincipalSID": "CASCADE.LOCAL-S-1-5-32-544", "PrincipalType": "Group"}, {"RightName": "WriteOwner", "IsInherited": true, "PrincipalSID": "CASCADE.LOCAL-S-1-5-32-544", "PrincipalType": "Group"}, {"RightName": "WriteDacl", "IsInherited": true, "PrincipalSID": "CASCADE.LOCAL-S-1-5-32-544", "PrincipalType": "Group"}], "IsDeleted": false, "IsACLProtected": false},{"ObjectIdentifier": "CASCADE.LOCAL-S-1-5-32-556", "Properties": {"domain": "CASCADE.LOCAL", "domainsid": "S-1-5-21-3332504370-1206983947-1165150453", "highvalue": false, "name": "NETWORK CONFIGURATION OPERATORS@CASCADE.LOCAL", "distinguishedname": "CN=NETWORK CONFIGURATION OPERATORS,CN=BUILTIN,DC=CASCADE,DC=LOCAL", "admincount": false, "description": "Members in this group can have some administrative privileges to manage configuration of networking features", "whencreated": 1578583900}, "Members": [], "Aces": [{"RightName": "Owns", "IsInherited": false, "PrincipalSID": "CASCADE.LOCAL-S-1-5-32-544", "PrincipalType": "Group"}, {"RightName": "GenericAll", "IsInherited": false, "PrincipalSID": "S-1-5-21-3332504370-1206983947-1165150453-512", "PrincipalType": "Group"}, {"RightName": "GenericAll", "IsInherited": false, "PrincipalSID": "CASCADE.LOCAL-S-1-5-32-548", "PrincipalType": "Group"}, {"RightName": "GenericAll", "IsInherited": true, "PrincipalSID": "S-1-5-21-3332504370-1206983947-1165150453-519", "PrincipalType": "Group"}, {"RightName": "GenericWrite", "IsInherited": true, "PrincipalSID": "CASCADE.LOCAL-S-1-5-32-544", "PrincipalType": "Group"}, {"RightName": "WriteOwner", "IsInherited": true, "PrincipalSID": "CASCADE.LOCAL-S-1-5-32-544", "PrincipalType": "Group"}, {"RightName": "WriteDacl", "IsInherited": true, "PrincipalSID": "CASCADE.LOCAL-S-1-5-32-544", "PrincipalType": "Group"}], "IsDeleted": false, "IsACLProtected": false},{"ObjectIdentifier": "CASCADE.LOCAL-S-1-5-32-555", "Properties": {"domain": "CASCADE.LOCAL", "domainsid": "S-1-5-21-3332504370-1206983947-1165150453", "highvalue": false, "name": "REMOTE DESKTOP USERS@CASCADE.LOCAL", "distinguishedname": "CN=REMOTE DESKTOP USERS,CN=BUILTIN,DC=CASCADE,DC=LOCAL", "admincount": false, "description": "Members in this group are granted the right to logon remotely", "whencreated": 1578583900}, "Members": [], "Aces": [{"RightName": "Owns", "IsInherited": false, "PrincipalSID": "CASCADE.LOCAL-S-1-5-32-544", "PrincipalType": "Group"}, {"RightName": "GenericAll", "IsInherited": false, "PrincipalSID": "S-1-5-21-3332504370-1206983947-1165150453-512", "PrincipalType": "Group"}, {"RightName": "GenericAll", "IsInherited": false, "PrincipalSID": "CASCADE.LOCAL-S-1-5-32-548", "PrincipalType": "Group"}, {"RightName": "GenericAll", "IsInherited": true, "PrincipalSID": "S-1-5-21-3332504370-1206983947-1165150453-519", "PrincipalType": "Group"}, {"RightName": "GenericWrite", "IsInherited": true, "PrincipalSID": "CASCADE.LOCAL-S-1-5-32-544", "PrincipalType": "Group"}, {"RightName": "WriteOwner", "IsInherited": true, "PrincipalSID": "CASCADE.LOCAL-S-1-5-32-544", "PrincipalType": "Group"}, {"RightName": "WriteDacl", "IsInherited": true, "PrincipalSID": "CASCADE.LOCAL-S-1-5-32-544", "PrincipalType": "Group"}], "IsDeleted": false, "IsACLProtected": false},{"ObjectIdentifier": "CASCADE.LOCAL-S-1-5-32-551", "Properties": {"domain": "CASCADE.LOCAL", "domainsid": "S-1-5-21-3332504370-1206983947-1165150453", "highvalue": true, "name": "BACKUP OPERATORS@CASCADE.LOCAL", "distinguishedname": "CN=BACKUP OPERATORS,CN=BUILTIN,DC=CASCADE,DC=LOCAL", "admincount": true, "description": "Backup Operators can override security restrictions for the sole purpose of backing up or restoring files", "whencreated": 1578583900}, "Members": [], "Aces": [{"RightName": "Owns", "IsInherited": false, "PrincipalSID": "S-1-5-21-3332504370-1206983947-1165150453-512", "PrincipalType": "Group"}, {"RightName": "GenericWrite", "IsInherited": false, "PrincipalSID": "S-1-5-21-3332504370-1206983947-1165150453-512", "PrincipalType": "Group"}, {"RightName": "WriteOwner", "IsInherited": false, "PrincipalSID": "S-1-5-21-3332504370-1206983947-1165150453-512", "PrincipalType": "Group"}, {"RightName": "WriteDacl", "IsInherited": false, "PrincipalSID": "S-1-5-21-3332504370-1206983947-1165150453-512", "PrincipalType": "Group"}, {"RightName": "GenericWrite", "IsInherited": false, "PrincipalSID": "S-1-5-21-3332504370-1206983947-1165150453-519", "PrincipalType": "Group"}, {"RightName": "WriteOwner", "IsInherited": false, "PrincipalSID": "S-1-5-21-3332504370-1206983947-1165150453-519", "PrincipalType": "Group"}, {"RightName": "WriteDacl", "IsInherited": false, "PrincipalSID": "S-1-5-21-3332504370-1206983947-1165150453-519", "PrincipalType": "Group"}, {"RightName": "GenericWrite", "IsInherited": false, "PrincipalSID": "CASCADE.LOCAL-S-1-5-32-544", "PrincipalType": "Group"}, {"RightName": "WriteOwner", "IsInherited": false, "PrincipalSID": "CASCADE.LOCAL-S-1-5-32-544", "PrincipalType": "Group"}, {"RightName": "WriteDacl", "IsInherited": false, "PrincipalSID": "CASCADE.LOCAL-S-1-5-32-544", "PrincipalType": "Group"}], "IsDeleted": false, "IsACLProtected": true},{"ObjectIdentifier": "CASCADE.LOCAL-S-1-5-32-552", "Properties": {"domain": "CASCADE.LOCAL", "domainsid": "S-1-5-21-3332504370-1206983947-1165150453", "highvalue": false, "name": "REPLICATOR@CASCADE.LOCAL", "distinguishedname": "CN=REPLICATOR,CN=BUILTIN,DC=CASCADE,DC=LOCAL", "admincount": true, "description": "Supports file replication in a domain", "whencreated": 1578583900}, "Members": [], "Aces": [{"RightName": "Owns", "IsInherited": false, "PrincipalSID": "S-1-5-21-3332504370-1206983947-1165150453-512", "PrincipalType": "Group"}, {"RightName": "GenericWrite", "IsInherited": false, "PrincipalSID": "S-1-5-21-3332504370-1206983947-1165150453-512", "PrincipalType": "Group"}, {"RightName": "WriteOwner", "IsInherited": false, "PrincipalSID": "S-1-5-21-3332504370-1206983947-1165150453-512", "PrincipalType": "Group"}, {"RightName": "WriteDacl", "IsInherited": false, "PrincipalSID": "S-1-5-21-3332504370-1206983947-1165150453-512", "PrincipalType": "Group"}, {"RightName": "GenericWrite", "IsInherited": false, "PrincipalSID": "S-1-5-21-3332504370-1206983947-1165150453-519", "PrincipalType": "Group"}, {"RightName": "WriteOwner", "IsInherited": false, "PrincipalSID": "S-1-5-21-3332504370-1206983947-1165150453-519", "PrincipalType": "Group"}, {"RightName": "WriteDacl", "IsInherited": false, "PrincipalSID": "S-1-5-21-3332504370-1206983947-1165150453-519", "PrincipalType": "Group"}, {"RightName": "GenericWrite", "IsInherited": false, "PrincipalSID": "CASCADE.LOCAL-S-1-5-32-544", "PrincipalType": "Group"}, {"RightName": "WriteOwner", "IsInherited": false, "PrincipalSID": "CASCADE.LOCAL-S-1-5-32-544", "PrincipalType": "Group"}, {"RightName": "WriteDacl", "IsInherited": false, "PrincipalSID": "CASCADE.LOCAL-S-1-5-32-544", "PrincipalType": "Group"}], "IsDeleted": false, "IsACLProtected": true},{"ObjectIdentifier": "CASCADE.LOCAL-S-1-5-32-550", "Properties": {"domain": "CASCADE.LOCAL", "domainsid": "S-1-5-21-3332504370-1206983947-1165150453", "highvalue": true, "name": "PRINT OPERATORS@CASCADE.LOCAL", "distinguishedname": "CN=PRINT OPERATORS,CN=BUILTIN,DC=CASCADE,DC=LOCAL", "admincount": true, "description": "Members can administer domain printers", "whencreated": 1578583900}, "Members": [], "Aces": [{"RightName": "Owns", "IsInherited": false, "PrincipalSID": "S-1-5-21-3332504370-1206983947-1165150453-512", "PrincipalType": "Group"}, {"RightName": "GenericWrite", "IsInherited": false, "PrincipalSID": "S-1-5-21-3332504370-1206983947-1165150453-512", "PrincipalType": "Group"}, {"RightName": "WriteOwner", "IsInherited": false, "PrincipalSID": "S-1-5-21-3332504370-1206983947-1165150453-512", "PrincipalType": "Group"}, {"RightName": "WriteDacl", "IsInherited": false, "PrincipalSID": "S-1-5-21-3332504370-1206983947-1165150453-512", "PrincipalType": "Group"}, {"RightName": "GenericWrite", "IsInherited": false, "PrincipalSID": "S-1-5-21-3332504370-1206983947-1165150453-519", "PrincipalType": "Group"}, {"RightName": "WriteOwner", "IsInherited": false, "PrincipalSID": "S-1-5-21-3332504370-1206983947-1165150453-519", "PrincipalType": "Group"}, {"RightName": "WriteDacl", "IsInherited": false, "PrincipalSID": "S-1-5-21-3332504370-1206983947-1165150453-519", "PrincipalType": "Group"}, {"RightName": "GenericWrite", "IsInherited": false, "PrincipalSID": "CASCADE.LOCAL-S-1-5-32-544", "PrincipalType": "Group"}, {"RightName": "WriteOwner", "IsInherited": false, "PrincipalSID": "CASCADE.LOCAL-S-1-5-32-544", "PrincipalType": "Group"}, {"RightName": "WriteDacl", "IsInherited": false, "PrincipalSID": "CASCADE.LOCAL-S-1-5-32-544", "PrincipalType": "Group"}], "IsDeleted": false, "IsACLProtected": true},{"ObjectIdentifier": "CASCADE.LOCAL-S-1-5-32-546", "Properties": {"domain": "CASCADE.LOCAL", "domainsid": "S-1-5-21-3332504370-1206983947-1165150453", "highvalue": false, "name": "GUESTS@CASCADE.LOCAL", "distinguishedname": "CN=GUESTS,CN=BUILTIN,DC=CASCADE,DC=LOCAL", "admincount": false, "description": "Guests have the same access as members of the Users group by default, except for the Guest account which is further restricted", "whencreated": 1578583900}, "Members": [{"ObjectIdentifier": "S-1-5-21-3332504370-1206983947-1165150453-514", "ObjectType": "Group"}, {"ObjectIdentifier": "S-1-5-21-3332504370-1206983947-1165150453-501", "ObjectType": "User"}], "Aces": [{"RightName": "Owns", "IsInherited": false, "PrincipalSID": "CASCADE.LOCAL-S-1-5-32-544", "PrincipalType": "Group"}, {"RightName": "GenericAll", "IsInherited": false, "PrincipalSID": "S-1-5-21-3332504370-1206983947-1165150453-512", "PrincipalType": "Group"}, {"RightName": "GenericAll", "IsInherited": false, "PrincipalSID": "CASCADE.LOCAL-S-1-5-32-548", "PrincipalType": "Group"}, {"RightName": "GenericAll", "IsInherited": true, "PrincipalSID": "S-1-5-21-3332504370-1206983947-1165150453-519", "PrincipalType": "Group"}, {"RightName": "GenericWrite", "IsInherited": true, "PrincipalSID": "CASCADE.LOCAL-S-1-5-32-544", "PrincipalType": "Group"}, {"RightName": "WriteOwner", "IsInherited": true, "PrincipalSID": "CASCADE.LOCAL-S-1-5-32-544", "PrincipalType": "Group"}, {"RightName": "WriteDacl", "IsInherited": true, "PrincipalSID": "CASCADE.LOCAL-S-1-5-32-544", "PrincipalType": "Group"}], "IsDeleted": false, "IsACLProtected": false},{"ObjectIdentifier": "CASCADE.LOCAL-S-1-5-32-545", "Properties": {"domain": "CASCADE.LOCAL", "domainsid": "S-1-5-21-3332504370-1206983947-1165150453", "highvalue": false, "name": "USERS@CASCADE.LOCAL", "distinguishedname": "CN=USERS,CN=BUILTIN,DC=CASCADE,DC=LOCAL", "admincount": false, "description": "Users are prevented from making accidental or intentional system-wide changes and can run most applications", "whencreated": 1578583900}, "Members": [{"ObjectIdentifier": "S-1-5-21-3332504370-1206983947-1165150453-513", "ObjectType": "Group"}, {"ObjectIdentifier": "CASCADE.LOCAL-S-1-5-11", "ObjectType": "Group"}, {"ObjectIdentifier": "CASCADE.LOCAL-S-1-5-4", "ObjectType": "Group"}], "Aces": [{"RightName": "Owns", "IsInherited": false, "PrincipalSID": "CASCADE.LOCAL-S-1-5-32-544", "PrincipalType": "Group"}, {"RightName": "GenericAll", "IsInherited": false, "PrincipalSID": "S-1-5-21-3332504370-1206983947-1165150453-512", "PrincipalType": "Group"}, {"RightName": "GenericAll", "IsInherited": false, "PrincipalSID": "CASCADE.LOCAL-S-1-5-32-548", "PrincipalType": "Group"}, {"RightName": "GenericAll", "IsInherited": true, "PrincipalSID": "S-1-5-21-3332504370-1206983947-1165150453-519", "PrincipalType": "Group"}, {"RightName": "GenericWrite", "IsInherited": true, "PrincipalSID": "CASCADE.LOCAL-S-1-5-32-544", "PrincipalType": "Group"}, {"RightName": "WriteOwner", "IsInherited": true, "PrincipalSID": "CASCADE.LOCAL-S-1-5-32-544", "PrincipalType": "Group"}, {"RightName": "WriteDacl", "IsInherited": true, "PrincipalSID": "CASCADE.LOCAL-S-1-5-32-544", "PrincipalType": "Group"}], "IsDeleted": false, "IsACLProtected": false},{"ObjectIdentifier": "CASCADE.LOCAL-S-1-5-32-544", "Properties": {"domain": "CASCADE.LOCAL", "domainsid": "S-1-5-21-3332504370-1206983947-1165150453", "highvalue": true, "name": "ADMINISTRATORS@CASCADE.LOCAL", "distinguishedname": "CN=ADMINISTRATORS,CN=BUILTIN,DC=CASCADE,DC=LOCAL", "admincount": true, "description": "Administrators have complete and unrestricted access to the computer/domain", "whencreated": 1578583900}, "Members": [{"ObjectIdentifier": "S-1-5-21-3332504370-1206983947-1165150453-512", "ObjectType": "Group"}, {"ObjectIdentifier": "S-1-5-21-3332504370-1206983947-1165150453-519", "ObjectType": "Group"}, {"ObjectIdentifier": "S-1-5-21-3332504370-1206983947-1165150453-500", "ObjectType": "User"}], "Aces": [{"RightName": "Owns", "IsInherited": false, "PrincipalSID": "S-1-5-21-3332504370-1206983947-1165150453-512", "PrincipalType": "Group"}, {"RightName": "GenericWrite", "IsInherited": false, "PrincipalSID": "S-1-5-21-3332504370-1206983947-1165150453-512", "PrincipalType": "Group"}, {"RightName": "WriteOwner", "IsInherited": false, "PrincipalSID": "S-1-5-21-3332504370-1206983947-1165150453-512", "PrincipalType": "Group"}, {"RightName": "WriteDacl", "IsInherited": false, "PrincipalSID": "S-1-5-21-3332504370-1206983947-1165150453-512", "PrincipalType": "Group"}, {"RightName": "GenericWrite", "IsInherited": false, "PrincipalSID": "S-1-5-21-3332504370-1206983947-1165150453-519", "PrincipalType": "Group"}, {"RightName": "WriteOwner", "IsInherited": false, "PrincipalSID": "S-1-5-21-3332504370-1206983947-1165150453-519", "PrincipalType": "Group"}, {"RightName": "WriteDacl", "IsInherited": false, "PrincipalSID": "S-1-5-21-3332504370-1206983947-1165150453-519", "PrincipalType": "Group"}, {"RightName": "GenericWrite", "IsInherited": false, "PrincipalSID": "CASCADE.LOCAL-S-1-5-32-544", "PrincipalType": "Group"}, {"RightName": "WriteOwner", "IsInherited": false, "PrincipalSID": "CASCADE.LOCAL-S-1-5-32-544", "PrincipalType": "Group"}, {"RightName": "WriteDacl", "IsInherited": false, "PrincipalSID": "CASCADE.LOCAL-S-1-5-32-544", "PrincipalType": "Group"}], "IsDeleted": false, "IsACLProtected": true},{"IsDeleted": false, "IsACLProtected": false, "ObjectIdentifier": "CASCADE.LOCAL-S-1-5-9", "Properties": {"domain": "CASCADE.LOCAL", "name": "ENTERPRISE DOMAIN CONTROLLERS@CASCADE.LOCAL"}, "Members": [{"ObjectIdentifier": "S-1-5-21-3332504370-1206983947-1165150453-1001", "ObjectType": "Computer"}], "Aces": []},{"IsDeleted": false, "IsACLProtected": false, "ObjectIdentifier": "CASCADE.LOCAL-S-1-1-0", "Properties": {"domain": "CASCADE.LOCAL", "domainsid": "S-1-5-21-3332504370-1206983947-1165150453", "name": "EVERYONE@CASCADE.LOCAL"}, "Members": [], "Aces": []},{"IsDeleted": false, "IsACLProtected": false, "ObjectIdentifier": "CASCADE.LOCAL-S-1-5-11", "Properties": {"domain": "CASCADE.LOCAL", "domainsid": "S-1-5-21-3332504370-1206983947-1165150453", "name": "AUTHENTICATED USERS@CASCADE.LOCAL"}, "Members": [], "Aces": []},{"IsDeleted": false, "IsACLProtected": false, "ObjectIdentifier": "CASCADE.LOCAL-S-1-5-4", "Properties": {"domain": "CASCADE.LOCAL", "domainsid": "S-1-5-21-3332504370-1206983947-1165150453", "name": "INTERACTIVE@CASCADE.LOCAL"}, "Members": [], "Aces": []}],"meta":{"methods":0,"type":"groups","count":53, "version":5}}