{"data": [{"ObjectIdentifier": "S-1-5-21-3332504370-1206983947-1165150453", "Properties": {"name": "CASCADE.LOCAL", "domain": "CASCADE.LOCAL", "domainsid": "S-1-5-21-3332504370-1206983947-1165150453", "distinguishedname": "DC=CASCADE,DC=LOCAL", "description": null, "functionallevel": "2008 R2", "highvalue": true, "whencreated": 1578583892}, "Trusts": [], "Aces": [{"RightName": "Owns", "IsInherited": false, "PrincipalSID": "CASCADE.LOCAL-S-1-5-32-544", "PrincipalType": "Group"}, {"RightName": "GetChanges", "IsInherited": false, "PrincipalSID": "S-1-5-21-3332504370-1206983947-1165150453-498", "PrincipalType": "Group"}, {"RightName": "GetChangesAll", "IsInherited": false, "PrincipalSID": "S-1-5-21-3332504370-1206983947-1165150453-516", "PrincipalType": "Group"}, {"RightName": "GetChangesInFilteredSet", "IsInherited": false, "PrincipalSID": "CASCADE.LOCAL-S-1-5-32-544", "PrincipalType": "Group"}, {"RightName": "GetChanges", "IsInherited": false, "PrincipalSID": "CASCADE.LOCAL-S-1-5-32-544", "PrincipalType": "Group"}, {"RightName": "GetChangesAll", "IsInherited": false, "PrincipalSID": "CASCADE.LOCAL-S-1-5-32-544", "PrincipalType": "Group"}, {"RightName": "GetChangesInFilteredSet", "IsInherited": false, "PrincipalSID": "CASCADE.LOCAL-S-1-5-9", "PrincipalType": "Group"}, {"RightName": "GetChanges", "IsInherited": false, "PrincipalSID": "CASCADE.LOCAL-S-1-5-9", "PrincipalType": "Group"}, {"RightName": "GenericWrite", "IsInherited": false, "PrincipalSID": "S-1-5-21-3332504370-1206983947-1165150453-512", "PrincipalType": "Group"}, {"RightName": "WriteOwner", "IsInherited": false, "PrincipalSID": "S-1-5-21-3332504370-1206983947-1165150453-512", "PrincipalType": "Group"}, {"RightName": "AllExtendedRights", "IsInherited": false, "PrincipalSID": "S-1-5-21-3332504370-1206983947-1165150453-512", "PrincipalType": "Group"}, {"RightName": "WriteDacl", "IsInherited": false, "PrincipalSID": "S-1-5-21-3332504370-1206983947-1165150453-512", "PrincipalType": "Group"}, {"RightName": "GenericAll", "IsInherited": false, "PrincipalSID": "S-1-5-21-3332504370-1206983947-1165150453-519", "PrincipalType": "Group"}, {"RightName": "GenericWrite", "IsInherited": false, "PrincipalSID": "CASCADE.LOCAL-S-1-5-32-544", "PrincipalType": "Group"}, {"RightName": "WriteOwner", "IsInherited": false, "PrincipalSID": "CASCADE.LOCAL-S-1-5-32-544", "PrincipalType": "Group"}, {"RightName": "AllExtendedRights", "IsInherited": false, "PrincipalSID": "CASCADE.LOCAL-S-1-5-32-544", "PrincipalType": "Group"}, {"RightName": "WriteDacl", "IsInherited": false, "PrincipalSID": "CASCADE.LOCAL-S-1-5-32-544", "PrincipalType": "Group"}], "Links": [], "ChildObjects": [], "GPOChanges": {"AffectedComputers": [], "DcomUsers": [], "LocalAdmins": [], "PSRemoteUsers": [], "RemoteDesktopUsers": []}, "IsDeleted": false, "IsACLProtected": false}], "meta": {"type": "domains", "count": 1, "version": 5}}