﻿{"data":[{"GPOChanges":{"LocalAdmins":[],"RemoteDesktopUsers":[],"DcomUsers":[],"PSRemoteUsers":[],"AffectedComputers":[]},"Properties":{"domain":"MEGABANK.LOCAL","name":"LONDON@MEGABANK.LOCAL","distinguishedname":"OU=LONDON,OU=MEGABANK USERS,DC=MEGABANK,DC=LOCAL","domainsid":"S-1-5-21-391775091-850290835-3566037492","highvalue":false,"description":null,"whencreated":1577979464,"blocksinheritance":false},"Links":[],"ChildObjects":[{"ObjectIdentifier":"S-1-5-21-391775091-850290835-3566037492-1601","ObjectType":"User"}],"Aces":[{"PrincipalSID":"S-1-5-21-391775091-850290835-3566037492-512","PrincipalType":"Group","RightName":"Owns","IsInherited":false},{"PrincipalSID":"S-1-5-21-391775091-850290835-3566037492-512","PrincipalType":"Group","RightName":"GenericAll","IsInherited":false},{"PrincipalSID":"S-1-5-21-391775091-850290835-3566037492-519","PrincipalType":"Group","RightName":"GenericAll","IsInherited":true},{"PrincipalSID":"MEGABANK.LOCAL-S-1-5-32-544","PrincipalType":"Group","RightName":"WriteDacl","IsInherited":true},{"PrincipalSID":"MEGABANK.LOCAL-S-1-5-32-544","PrincipalType":"Group","RightName":"WriteOwner","IsInherited":true}],"ObjectIdentifier":"8FB3C17D-F73E-4AC8-866A-6EC7E0B22FFC","IsDeleted":false,"IsACLProtected":false},{"GPOChanges":{"LocalAdmins":[],"RemoteDesktopUsers":[],"DcomUsers":[],"PSRemoteUsers":[],"AffectedComputers":[]},"Properties":{"domain":"MEGABANK.LOCAL","name":"ATHENS@MEGABANK.LOCAL","distinguishedname":"OU=ATHENS,OU=MEGABANK USERS,DC=MEGABANK,DC=LOCAL","domainsid":"S-1-5-21-391775091-850290835-3566037492","highvalue":false,"description":null,"whencreated":1577979475,"blocksinheritance":false},"Links":[],"ChildObjects":[{"ObjectIdentifier":"S-1-5-21-391775091-850290835-3566037492-2613","ObjectType":"User"}],"Aces":[{"PrincipalSID":"S-1-5-21-391775091-850290835-3566037492-512","PrincipalType":"Group","RightName":"Owns","IsInherited":false},{"PrincipalSID":"S-1-5-21-391775091-850290835-3566037492-512","PrincipalType":"Group","RightName":"GenericAll","IsInherited":false},{"PrincipalSID":"S-1-5-21-391775091-850290835-3566037492-519","PrincipalType":"Group","RightName":"GenericAll","IsInherited":true},{"PrincipalSID":"MEGABANK.LOCAL-S-1-5-32-544","PrincipalType":"Group","RightName":"WriteDacl","IsInherited":true},{"PrincipalSID":"MEGABANK.LOCAL-S-1-5-32-544","PrincipalType":"Group","RightName":"WriteOwner","IsInherited":true}],"ObjectIdentifier":"1EFFF7BF-D879-4D81-B098-00991CCCA250","IsDeleted":false,"IsACLProtected":false},{"GPOChanges":{"LocalAdmins":[],"RemoteDesktopUsers":[],"DcomUsers":[],"PSRemoteUsers":[],"AffectedComputers":[]},"Properties":{"domain":"MEGABANK.LOCAL","name":"SERVICE ACCOUNTS@MEGABANK.LOCAL","distinguishedname":"OU=SERVICE ACCOUNTS,DC=MEGABANK,DC=LOCAL","domainsid":"S-1-5-21-391775091-850290835-3566037492","highvalue":false,"description":null,"whencreated":1577976329,"blocksinheritance":false},"Links":[],"ChildObjects":[{"ObjectIdentifier":"S-1-5-21-391775091-850290835-3566037492-2602","ObjectType":"User"},{"ObjectIdentifier":"S-1-5-21-391775091-850290835-3566037492-2603","ObjectType":"User"},{"ObjectIdentifier":"S-1-5-21-391775091-850290835-3566037492-2604","ObjectType":"User"},{"ObjectIdentifier":"S-1-5-21-391775091-850290835-3566037492-2605","ObjectType":"User"}],"Aces":[{"PrincipalSID":"S-1-5-21-391775091-850290835-3566037492-512","PrincipalType":"Group","RightName":"Owns","IsInherited":false},{"PrincipalSID":"S-1-5-21-391775091-850290835-3566037492-512","PrincipalType":"Group","RightName":"GenericAll","IsInherited":false},{"PrincipalSID":"S-1-5-21-391775091-850290835-3566037492-519","PrincipalType":"Group","RightName":"GenericAll","IsInherited":true},{"PrincipalSID":"MEGABANK.LOCAL-S-1-5-32-544","PrincipalType":"Group","RightName":"WriteDacl","IsInherited":true},{"PrincipalSID":"MEGABANK.LOCAL-S-1-5-32-544","PrincipalType":"Group","RightName":"WriteOwner","IsInherited":true}],"ObjectIdentifier":"2679454F-837D-4F1E-B446-DE7A341FB5D1","IsDeleted":false,"IsACLProtected":false},{"GPOChanges":{"LocalAdmins":[],"RemoteDesktopUsers":[],"DcomUsers":[],"PSRemoteUsers":[],"AffectedComputers":[]},"Properties":{"domain":"MEGABANK.LOCAL","name":"MEGABANK USERS@MEGABANK.LOCAL","distinguishedname":"OU=MEGABANK USERS,DC=MEGABANK,DC=LOCAL","domainsid":"S-1-5-21-391775091-850290835-3566037492","highvalue":false,"description":null,"whencreated":1577976285,"blocksinheritance":false},"Links":[],"ChildObjects":[{"ObjectIdentifier":"1EFFF7BF-D879-4D81-B098-00991CCCA250","ObjectType":"OU"},{"ObjectIdentifier":"8FB3C17D-F73E-4AC8-866A-6EC7E0B22FFC","ObjectType":"OU"},{"ObjectIdentifier":"9348C4E0-D59C-4947-890D-8477B0045354","ObjectType":"OU"},{"ObjectIdentifier":"DEC8D691-FE21-4ADC-A899-7E1F771317F9","ObjectType":"OU"}],"Aces":[{"PrincipalSID":"S-1-5-21-391775091-850290835-3566037492-512","PrincipalType":"Group","RightName":"Owns","IsInherited":false},{"PrincipalSID":"S-1-5-21-391775091-850290835-3566037492-512","PrincipalType":"Group","RightName":"GenericAll","IsInherited":false},{"PrincipalSID":"S-1-5-21-391775091-850290835-3566037492-519","PrincipalType":"Group","RightName":"GenericAll","IsInherited":true},{"PrincipalSID":"MEGABANK.LOCAL-S-1-5-32-544","PrincipalType":"Group","RightName":"WriteDacl","IsInherited":true},{"PrincipalSID":"MEGABANK.LOCAL-S-1-5-32-544","PrincipalType":"Group","RightName":"WriteOwner","IsInherited":true}],"ObjectIdentifier":"F39959ED-ACC1-435B-A91E-08E15999E885","IsDeleted":false,"IsACLProtected":false},{"GPOChanges":{"LocalAdmins":[],"RemoteDesktopUsers":[],"DcomUsers":[],"PSRemoteUsers":[],"AffectedComputers":[]},"Properties":{"domain":"MEGABANK.LOCAL","name":"GROUPS@MEGABANK.LOCAL","distinguishedname":"OU=GROUPS,DC=MEGABANK,DC=LOCAL","domainsid":"S-1-5-21-391775091-850290835-3566037492","highvalue":false,"description":null,"whencreated":1577976315,"blocksinheritance":false},"Links":[],"ChildObjects":[{"ObjectIdentifier":"S-1-5-21-391775091-850290835-3566037492-2601","ObjectType":"Group"},{"ObjectIdentifier":"S-1-5-21-391775091-850290835-3566037492-2607","ObjectType":"Group"},{"ObjectIdentifier":"S-1-5-21-391775091-850290835-3566037492-2612","ObjectType":"Group"},{"ObjectIdentifier":"S-1-5-21-391775091-850290835-3566037492-2606","ObjectType":"Group"},{"ObjectIdentifier":"S-1-5-21-391775091-850290835-3566037492-2611","ObjectType":"Group"},{"ObjectIdentifier":"S-1-5-21-391775091-850290835-3566037492-2609","ObjectType":"Group"},{"ObjectIdentifier":"S-1-5-21-391775091-850290835-3566037492-2608","ObjectType":"Group"},{"ObjectIdentifier":"S-1-5-21-391775091-850290835-3566037492-2610","ObjectType":"Group"}],"Aces":[{"PrincipalSID":"S-1-5-21-391775091-850290835-3566037492-512","PrincipalType":"Group","RightName":"Owns","IsInherited":false},{"PrincipalSID":"S-1-5-21-391775091-850290835-3566037492-512","PrincipalType":"Group","RightName":"GenericAll","IsInherited":false},{"PrincipalSID":"S-1-5-21-391775091-850290835-3566037492-519","PrincipalType":"Group","RightName":"GenericAll","IsInherited":true},{"PrincipalSID":"MEGABANK.LOCAL-S-1-5-32-544","PrincipalType":"Group","RightName":"WriteDacl","IsInherited":true},{"PrincipalSID":"MEGABANK.LOCAL-S-1-5-32-544","PrincipalType":"Group","RightName":"WriteOwner","IsInherited":true}],"ObjectIdentifier":"3592415D-0938-4D9B-807E-7E8993E5BFF1","IsDeleted":false,"IsACLProtected":false},{"GPOChanges":{"LocalAdmins":[],"RemoteDesktopUsers":[],"DcomUsers":[],"PSRemoteUsers":[],"AffectedComputers":[]},"Properties":{"domain":"MEGABANK.LOCAL","name":"DOMAIN CONTROLLERS@MEGABANK.LOCAL","distinguishedname":"OU=DOMAIN CONTROLLERS,DC=MEGABANK,DC=LOCAL","domainsid":"S-1-5-21-391775091-850290835-3566037492","highvalue":false,"description":"Default container for domain controllers","whencreated":1577973922,"blocksinheritance":false},"Links":[{"IsEnforced":false,"GUID":"566407C0-4E32-4DC5-B3D0-ED8B7F6CF975"}],"ChildObjects":[{"ObjectIdentifier":"S-1-5-21-391775091-850290835-3566037492-1000","ObjectType":"Computer"}],"Aces":[{"PrincipalSID":"S-1-5-21-391775091-850290835-3566037492-512","PrincipalType":"Group","RightName":"Owns","IsInherited":false},{"PrincipalSID":"S-1-5-21-391775091-850290835-3566037492-512","PrincipalType":"Group","RightName":"WriteDacl","IsInherited":false},{"PrincipalSID":"S-1-5-21-391775091-850290835-3566037492-512","PrincipalType":"Group","RightName":"WriteOwner","IsInherited":false},{"PrincipalSID":"S-1-5-21-391775091-850290835-3566037492-519","PrincipalType":"Group","RightName":"GenericAll","IsInherited":true},{"PrincipalSID":"MEGABANK.LOCAL-S-1-5-32-544","PrincipalType":"Group","RightName":"WriteDacl","IsInherited":true},{"PrincipalSID":"MEGABANK.LOCAL-S-1-5-32-544","PrincipalType":"Group","RightName":"WriteOwner","IsInherited":true}],"ObjectIdentifier":"69CD4100-9DDD-4F9A-A116-B9C4659BF311","IsDeleted":false,"IsACLProtected":false},{"GPOChanges":{"LocalAdmins":[],"RemoteDesktopUsers":[],"DcomUsers":[],"PSRemoteUsers":[],"AffectedComputers":[]},"Properties":{"domain":"MEGABANK.LOCAL","name":"MEGABANK COMPUTERS@MEGABANK.LOCAL","distinguishedname":"OU=MEGABANK COMPUTERS,DC=MEGABANK,DC=LOCAL","domainsid":"S-1-5-21-391775091-850290835-3566037492","highvalue":false,"description":null,"whencreated":1577976356,"blocksinheritance":false},"Links":[],"ChildObjects":[],"Aces":[{"PrincipalSID":"S-1-5-21-391775091-850290835-3566037492-512","PrincipalType":"Group","RightName":"Owns","IsInherited":false},{"PrincipalSID":"S-1-5-21-391775091-850290835-3566037492-512","PrincipalType":"Group","RightName":"GenericAll","IsInherited":false},{"PrincipalSID":"S-1-5-21-391775091-850290835-3566037492-519","PrincipalType":"Group","RightName":"GenericAll","IsInherited":true},{"PrincipalSID":"MEGABANK.LOCAL-S-1-5-32-544","PrincipalType":"Group","RightName":"WriteDacl","IsInherited":true},{"PrincipalSID":"MEGABANK.LOCAL-S-1-5-32-544","PrincipalType":"Group","RightName":"WriteOwner","IsInherited":true}],"ObjectIdentifier":"C8782E26-A465-41E5-9BF7-1BB084F77CA8","IsDeleted":false,"IsACLProtected":false},{"GPOChanges":{"LocalAdmins":[],"RemoteDesktopUsers":[],"DcomUsers":[],"PSRemoteUsers":[],"AffectedComputers":[]},"Properties":{"domain":"MEGABANK.LOCAL","name":"NEW YORK@MEGABANK.LOCAL","distinguishedname":"OU=NEW YORK,OU=MEGABANK USERS,DC=MEGABANK,DC=LOCAL","domainsid":"S-1-5-21-391775091-850290835-3566037492","highvalue":false,"description":null,"whencreated":1577979488,"blocksinheritance":false},"Links":[],"ChildObjects":[{"ObjectIdentifier":"S-1-5-21-391775091-850290835-3566037492-2615","ObjectType":"User"}],"Aces":[{"PrincipalSID":"S-1-5-21-391775091-850290835-3566037492-512","PrincipalType":"Group","RightName":"Owns","IsInherited":false},{"PrincipalSID":"S-1-5-21-391775091-850290835-3566037492-512","PrincipalType":"Group","RightName":"GenericAll","IsInherited":false},{"PrincipalSID":"S-1-5-21-391775091-850290835-3566037492-519","PrincipalType":"Group","RightName":"GenericAll","IsInherited":true},{"PrincipalSID":"MEGABANK.LOCAL-S-1-5-32-544","PrincipalType":"Group","RightName":"WriteDacl","IsInherited":true},{"PrincipalSID":"MEGABANK.LOCAL-S-1-5-32-544","PrincipalType":"Group","RightName":"WriteOwner","IsInherited":true}],"ObjectIdentifier":"9348C4E0-D59C-4947-890D-8477B0045354","IsDeleted":false,"IsACLProtected":false},{"GPOChanges":{"LocalAdmins":[],"RemoteDesktopUsers":[],"DcomUsers":[],"PSRemoteUsers":[],"AffectedComputers":[]},"Properties":{"domain":"MEGABANK.LOCAL","name":"TORONTO@MEGABANK.LOCAL","distinguishedname":"OU=TORONTO,OU=MEGABANK USERS,DC=MEGABANK,DC=LOCAL","domainsid":"S-1-5-21-391775091-850290835-3566037492","highvalue":false,"description":null,"whencreated":1577979501,"blocksinheritance":false},"Links":[],"ChildObjects":[{"ObjectIdentifier":"S-1-5-21-391775091-850290835-3566037492-2614","ObjectType":"User"}],"Aces":[{"PrincipalSID":"S-1-5-21-391775091-850290835-3566037492-512","PrincipalType":"Group","RightName":"Owns","IsInherited":false},{"PrincipalSID":"S-1-5-21-391775091-850290835-3566037492-512","PrincipalType":"Group","RightName":"GenericAll","IsInherited":false},{"PrincipalSID":"S-1-5-21-391775091-850290835-3566037492-519","PrincipalType":"Group","RightName":"GenericAll","IsInherited":true},{"PrincipalSID":"MEGABANK.LOCAL-S-1-5-32-544","PrincipalType":"Group","RightName":"WriteDacl","IsInherited":true},{"PrincipalSID":"MEGABANK.LOCAL-S-1-5-32-544","PrincipalType":"Group","RightName":"WriteOwner","IsInherited":true}],"ObjectIdentifier":"DEC8D691-FE21-4ADC-A899-7E1F771317F9","IsDeleted":false,"IsACLProtected":false}],"meta":{"methods":29675,"type":"ous","count":9,"version":5}}