﻿{"data":[{"Properties":{"domain":"MEGABANK.LOCAL","name":"MONTEVERDE.MEGABANK.LOCAL","distinguishedname":"CN=MONTEVERDE,OU=DOMAIN CONTROLLERS,DC=MEGABANK,DC=LOCAL","domainsid":"S-1-5-21-391775091-850290835-3566037492","highvalue":false,"samaccountname":"MONTEVERDE$","haslaps":false,"description":null,"whencreated":1577973963,"enabled":true,"unconstraineddelegation":true,"trustedtoauth":false,"lastlogon":1668385405,"lastlogontimestamp":1668385377,"pwdlastset":1666690165,"serviceprincipalnames":["Dfsr-12F9A27C-BF97-4787-9364-D31B6C55EB04/MONTEVERDE.MEGABANK.LOCAL","ldap/MONTEVERDE.MEGABANK.LOCAL/ForestDnsZones.MEGABANK.LOCAL","ldap/MONTEVERDE.MEGABANK.LOCAL/DomainDnsZones.MEGABANK.LOCAL","DNS/MONTEVERDE.MEGABANK.LOCAL","GC/MONTEVERDE.MEGABANK.LOCAL/MEGABANK.LOCAL","RestrictedKrbHost/MONTEVERDE.MEGABANK.LOCAL","RestrictedKrbHost/MONTEVERDE","RPC/3aa07b0f-2fc3-4f31-864a-ddeca2d35cc5._msdcs.MEGABANK.LOCAL","HOST/MONTEVERDE/MEGABANK","HOST/MONTEVERDE.MEGABANK.LOCAL/MEGABANK","HOST/MONTEVERDE","HOST/MONTEVERDE.MEGABANK.LOCAL","HOST/MONTEVERDE.MEGABANK.LOCAL/MEGABANK.LOCAL","E3514235-4B06-11D1-AB04-00C04FC2DCD2/3aa07b0f-2fc3-4f31-864a-ddeca2d35cc5/MEGABANK.LOCAL","ldap/MONTEVERDE/MEGABANK","ldap/3aa07b0f-2fc3-4f31-864a-ddeca2d35cc5._msdcs.MEGABANK.LOCAL","ldap/MONTEVERDE.MEGABANK.LOCAL/MEGABANK","ldap/MONTEVERDE","ldap/MONTEVERDE.MEGABANK.LOCAL","ldap/MONTEVERDE.MEGABANK.LOCAL/MEGABANK.LOCAL"],"operatingsystem":"Windows Server 2019 Standard","sidhistory":[]},"PrimaryGroupSID":"S-1-5-21-391775091-850290835-3566037492-516","AllowedToDelegate":[],"AllowedToAct":[],"HasSIDHistory":[],"Sessions":{"Results":[],"Collected":false,"FailureReason":"ERROR_ACCESS_DENIED"},"PrivilegedSessions":{"Results":[],"Collected":false,"FailureReason":null},"RegistrySessions":{"Results":[],"Collected":false,"FailureReason":null},"LocalAdmins":{"Results":[{"ObjectIdentifier":"S-1-5-21-391775091-850290835-3566037492-500","ObjectType":"User"},{"ObjectIdentifier":"S-1-5-21-391775091-850290835-3566037492-519","ObjectType":"Group"},{"ObjectIdentifier":"S-1-5-21-391775091-850290835-3566037492-512","ObjectType":"Group"}],"Collected":true,"FailureReason":null},"RemoteDesktopUsers":{"Results":[],"Collected":true,"FailureReason":null},"DcomUsers":{"Results":[],"Collected":true,"FailureReason":null},"PSRemoteUsers":{"Results":[{"ObjectIdentifier":"S-1-5-21-391775091-850290835-3566037492-1601","ObjectType":"User"}],"Collected":true,"FailureReason":null},"Status":null,"Aces":[{"PrincipalSID":"S-1-5-21-391775091-850290835-3566037492-512","PrincipalType":"Group","RightName":"Owns","IsInherited":false},{"PrincipalSID":"S-1-5-21-391775091-850290835-3566037492-512","PrincipalType":"Group","RightName":"GenericAll","IsInherited":false},{"PrincipalSID":"S-1-5-21-391775091-850290835-3566037492-526","PrincipalType":"Group","RightName":"AddKeyCredentialLink","IsInherited":true},{"PrincipalSID":"S-1-5-21-391775091-850290835-3566037492-527","PrincipalType":"Group","RightName":"AddKeyCredentialLink","IsInherited":true},{"PrincipalSID":"S-1-5-21-391775091-850290835-3566037492-519","PrincipalType":"Group","RightName":"GenericAll","IsInherited":true},{"PrincipalSID":"MEGABANK.LOCAL-S-1-5-32-544","PrincipalType":"Group","RightName":"WriteDacl","IsInherited":true},{"PrincipalSID":"MEGABANK.LOCAL-S-1-5-32-544","PrincipalType":"Group","RightName":"WriteOwner","IsInherited":true},{"PrincipalSID":"MEGABANK.LOCAL-S-1-5-32-544","PrincipalType":"Group","RightName":"GenericWrite","IsInherited":true},{"PrincipalSID":"MEGABANK.LOCAL-S-1-5-7","PrincipalType":"Group","RightName":"GenericWrite","IsInherited":true}],"ObjectIdentifier":"S-1-5-21-391775091-850290835-3566037492-1000","IsDeleted":false,"IsACLProtected":false}],"meta":{"methods":29675,"type":"computers","count":1,"version":5}}